image,mask
/kaggle/input/solar-cells-processed/solar_cell_ver4_/train_split/val/gray_0266.jpg,/kaggle/input/solar-cells-processed/solar_cell_ver4_/train_split/val/gray_0266_mask.png
/kaggle/input/solar-cells-processed/solar_cell_ver4_/train_split/val/rgb_0028.jpg,/kaggle/input/solar-cells-processed/solar_cell_ver4_/train_split/val/rgb_0028_mask.png
/kaggle/input/solar-cells-processed/solar_cell_ver4_/train_split/val/gray_0117.jpg,/kaggle/input/solar-cells-processed/solar_cell_ver4_/train_split/val/gray_0117_mask.png
/kaggle/input/solar-cells-processed/solar_cell_ver4_/train_split/val/gray_0008.jpg,/kaggle/input/solar-cells-processed/solar_cell_ver4_/train_split/val/gray_0008_mask.png
/kaggle/input/solar-cells-processed/solar_cell_ver4_/train_split/val/gray_0102.jpg,/kaggle/input/solar-cells-processed/solar_cell_ver4_/train_split/val/gray_0102_mask.png
/kaggle/input/solar-cells-processed/solar_cell_ver4_/train_split/val/rgb_0012.jpg,/kaggle/input/solar-cells-processed/solar_cell_ver4_/train_split/val/rgb_0012_mask.png
/kaggle/input/solar-cells-processed/solar_cell_ver4_/train_split/val/gray_0246.jpg,/kaggle/input/solar-cells-processed/solar_cell_ver4_/train_split/val/gray_0246_mask.png
/kaggle/input/solar-cells-processed/solar_cell_ver4_/train_split/val/gray_0127.jpg,/kaggle/input/solar-cells-processed/solar_cell_ver4_/train_split/val/gray_0127_mask.png
/kaggle/input/solar-cells-processed/solar_cell_ver4_/train_split/val/gray_0083.jpg,/kaggle/input/solar-cells-processed/solar_cell_ver4_/train_split/val/gray_0083_mask.png
/kaggle/input/solar-cells-processed/solar_cell_ver4_/train_split/val/gray_0210.jpg,/kaggle/input/solar-cells-processed/solar_cell_ver4_/train_split/val/gray_0210_mask.png
/kaggle/input/solar-cells-processed/solar_cell_ver4_/train_split/val/gray_0250.jpg,/kaggle/input/solar-cells-processed/solar_cell_ver4_/train_split/val/gray_0250_mask.png
/kaggle/input/solar-cells-processed/solar_cell_ver4_/train_split/val/gray_0267.jpg,/kaggle/input/solar-cells-processed/solar_cell_ver4_/train_split/val/gray_0267_mask.png
/kaggle/input/solar-cells-processed/solar_cell_ver4_/train_split/val/gray_0187.jpg,/kaggle/input/solar-cells-processed/solar_cell_ver4_/train_split/val/gray_0187_mask.png
/kaggle/input/solar-cells-processed/solar_cell_ver4_/train_split/val/gray_0259.jpg,/kaggle/input/solar-cells-processed/solar_cell_ver4_/train_split/val/gray_0259_mask.png
/kaggle/input/solar-cells-processed/solar_cell_ver4_/train_split/val/gray_0120.jpg,/kaggle/input/solar-cells-processed/solar_cell_ver4_/train_split/val/gray_0120_mask.png
/kaggle/input/solar-cells-processed/solar_cell_ver4_/train_split/val/gray_0056.jpg,/kaggle/input/solar-cells-processed/solar_cell_ver4_/train_split/val/gray_0056_mask.png
/kaggle/input/solar-cells-processed/solar_cell_ver4_/train_split/val/gray_0079.jpg,/kaggle/input/solar-cells-processed/solar_cell_ver4_/train_split/val/gray_0079_mask.png
/kaggle/input/solar-cells-processed/solar_cell_ver4_/train_split/val/gray_0174.jpg,/kaggle/input/solar-cells-processed/solar_cell_ver4_/train_split/val/gray_0174_mask.png
/kaggle/input/solar-cells-processed/solar_cell_ver4_/train_split/val/gray_0180.jpg,/kaggle/input/solar-cells-processed/solar_cell_ver4_/train_split/val/gray_0180_mask.png
/kaggle/input/solar-cells-processed/solar_cell_ver4_/train_split/val/rgb_0024.jpg,/kaggle/input/solar-cells-processed/solar_cell_ver4_/train_split/val/rgb_0024_mask.png
/kaggle/input/solar-cells-processed/solar_cell_ver4_/train_split/val/rgb_0032.jpg,/kaggle/input/solar-cells-processed/solar_cell_ver4_/train_split/val/rgb_0032_mask.png
/kaggle/input/solar-cells-processed/solar_cell_ver4_/train_split/val/gray_0273.jpg,/kaggle/input/solar-cells-processed/solar_cell_ver4_/train_split/val/gray_0273_mask.png
/kaggle/input/solar-cells-processed/solar_cell_ver4_/train_split/val/rgb_0041.jpg,/kaggle/input/solar-cells-processed/solar_cell_ver4_/train_split/val/rgb_0041_mask.png
/kaggle/input/solar-cells-processed/solar_cell_ver4_/train_split/val/gray_0043.jpg,/kaggle/input/solar-cells-processed/solar_cell_ver4_/train_split/val/gray_0043_mask.png
/kaggle/input/solar-cells-processed/solar_cell_ver4_/train_split/val/gray_0165.jpg,/kaggle/input/solar-cells-processed/solar_cell_ver4_/train_split/val/gray_0165_mask.png
/kaggle/input/solar-cells-processed/solar_cell_ver4_/train_split/val/gray_0133.jpg,/kaggle/input/solar-cells-processed/solar_cell_ver4_/train_split/val/gray_0133_mask.png
/kaggle/input/solar-cells-processed/solar_cell_ver4_/train_split/val/gray_0091.jpg,/kaggle/input/solar-cells-processed/solar_cell_ver4_/train_split/val/gray_0091_mask.png
/kaggle/input/solar-cells-processed/solar_cell_ver4_/train_split/val/gray_0095.jpg,/kaggle/input/solar-cells-processed/solar_cell_ver4_/train_split/val/gray_0095_mask.png
/kaggle/input/solar-cells-processed/solar_cell_ver4_/train_split/val/gray_0061.jpg,/kaggle/input/solar-cells-processed/solar_cell_ver4_/train_split/val/gray_0061_mask.png
/kaggle/input/solar-cells-processed/solar_cell_ver4_/train_split/val/gray_0010.jpg,/kaggle/input/solar-cells-processed/solar_cell_ver4_/train_split/val/gray_0010_mask.png
/kaggle/input/solar-cells-processed/solar_cell_ver4_/train_split/val/gray_0173.jpg,/kaggle/input/solar-cells-processed/solar_cell_ver4_/train_split/val/gray_0173_mask.png
/kaggle/input/solar-cells-processed/solar_cell_ver4_/train_split/val/gray_0207.jpg,/kaggle/input/solar-cells-processed/solar_cell_ver4_/train_split/val/gray_0207_mask.png
/kaggle/input/solar-cells-processed/solar_cell_ver4_/train_split/val/gray_0125.jpg,/kaggle/input/solar-cells-processed/solar_cell_ver4_/train_split/val/gray_0125_mask.png
/kaggle/input/solar-cells-processed/solar_cell_ver4_/train_split/val/gray_0077.jpg,/kaggle/input/solar-cells-processed/solar_cell_ver4_/train_split/val/gray_0077_mask.png
/kaggle/input/solar-cells-processed/solar_cell_ver4_/train_split/val/rgb_0031.jpg,/kaggle/input/solar-cells-processed/solar_cell_ver4_/train_split/val/rgb_0031_mask.png
/kaggle/input/solar-cells-processed/solar_cell_ver4_/train_split/val/gray_0058.jpg,/kaggle/input/solar-cells-processed/solar_cell_ver4_/train_split/val/gray_0058_mask.png
/kaggle/input/solar-cells-processed/solar_cell_ver4_/train_split/val/gray_0166.jpg,/kaggle/input/solar-cells-processed/solar_cell_ver4_/train_split/val/gray_0166_mask.png
/kaggle/input/solar-cells-processed/solar_cell_ver4_/train_split/val/gray_0220.jpg,/kaggle/input/solar-cells-processed/solar_cell_ver4_/train_split/val/gray_0220_mask.png
/kaggle/input/solar-cells-processed/solar_cell_ver4_/train_split/val/gray_0232.jpg,/kaggle/input/solar-cells-processed/solar_cell_ver4_/train_split/val/gray_0232_mask.png
/kaggle/input/solar-cells-processed/solar_cell_ver4_/train_split/val/gray_0078.jpg,/kaggle/input/solar-cells-processed/solar_cell_ver4_/train_split/val/gray_0078_mask.png
/kaggle/input/solar-cells-processed/solar_cell_ver4_/train_split/val/gray_0197.jpg,/kaggle/input/solar-cells-processed/solar_cell_ver4_/train_split/val/gray_0197_mask.png
/kaggle/input/solar-cells-processed/solar_cell_ver4_/train_split/val/gray_0105.jpg,/kaggle/input/solar-cells-processed/solar_cell_ver4_/train_split/val/gray_0105_mask.png
/kaggle/input/solar-cells-processed/solar_cell_ver4_/train_split/val/gray_0006.jpg,/kaggle/input/solar-cells-processed/solar_cell_ver4_/train_split/val/gray_0006_mask.png
/kaggle/input/solar-cells-processed/solar_cell_ver4_/train_split/val/gray_0176.jpg,/kaggle/input/solar-cells-processed/solar_cell_ver4_/train_split/val/gray_0176_mask.png
/kaggle/input/solar-cells-processed/solar_cell_ver4_/train_split/val/gray_0110.jpg,/kaggle/input/solar-cells-processed/solar_cell_ver4_/train_split/val/gray_0110_mask.png
/kaggle/input/solar-cells-processed/solar_cell_ver4_/train_split/val/gray_0094.jpg,/kaggle/input/solar-cells-processed/solar_cell_ver4_/train_split/val/gray_0094_mask.png
/kaggle/input/solar-cells-processed/solar_cell_ver4_/train_split/val/gray_0047.jpg,/kaggle/input/solar-cells-processed/solar_cell_ver4_/train_split/val/gray_0047_mask.png
/kaggle/input/solar-cells-processed/solar_cell_ver4_/train_split/val/gray_0109.jpg,/kaggle/input/solar-cells-processed/solar_cell_ver4_/train_split/val/gray_0109_mask.png
/kaggle/input/solar-cells-processed/solar_cell_ver4_/train_split/val/rgb_0020.jpg,/kaggle/input/solar-cells-processed/solar_cell_ver4_/train_split/val/rgb_0020_mask.png
/kaggle/input/solar-cells-processed/solar_cell_ver4_/train_split/val/gray_0026.jpg,/kaggle/input/solar-cells-processed/solar_cell_ver4_/train_split/val/gray_0026_mask.png
/kaggle/input/solar-cells-processed/solar_cell_ver4_/train_split/val/gray_0034.jpg,/kaggle/input/solar-cells-processed/solar_cell_ver4_/train_split/val/gray_0034_mask.png
/kaggle/input/solar-cells-processed/solar_cell_ver4_/train_split/val/gray_0064.jpg,/kaggle/input/solar-cells-processed/solar_cell_ver4_/train_split/val/gray_0064_mask.png
/kaggle/input/solar-cells-processed/solar_cell_ver4_/train_split/val/gray_0138.jpg,/kaggle/input/solar-cells-processed/solar_cell_ver4_/train_split/val/gray_0138_mask.png
/kaggle/input/solar-cells-processed/solar_cell_ver4_/train_split/val/rgb_0030.jpg,/kaggle/input/solar-cells-processed/solar_cell_ver4_/train_split/val/rgb_0030_mask.png
/kaggle/input/solar-cells-processed/solar_cell_ver4_/train_split/val/gray_0178.jpg,/kaggle/input/solar-cells-processed/solar_cell_ver4_/train_split/val/gray_0178_mask.png
/kaggle/input/solar-cells-processed/solar_cell_ver4_/train_split/val/gray_0004.jpg,/kaggle/input/solar-cells-processed/solar_cell_ver4_/train_split/val/gray_0004_mask.png
/kaggle/input/solar-cells-processed/solar_cell_ver4_/train_split/val/gray_0076.jpg,/kaggle/input/solar-cells-processed/solar_cell_ver4_/train_split/val/gray_0076_mask.png
/kaggle/input/solar-cells-processed/solar_cell_ver4_/train_split/val/gray_0158.jpg,/kaggle/input/solar-cells-processed/solar_cell_ver4_/train_split/val/gray_0158_mask.png
/kaggle/input/solar-cells-processed/solar_cell_ver4_/train_split/val/rgb_0047.jpg,/kaggle/input/solar-cells-processed/solar_cell_ver4_/train_split/val/rgb_0047_mask.png
/kaggle/input/solar-cells-processed/solar_cell_ver4_/train_split/val/gray_0227.jpg,/kaggle/input/solar-cells-processed/solar_cell_ver4_/train_split/val/gray_0227_mask.png
/kaggle/input/solar-cells-processed/solar_cell_ver4_/train_split/val/gray_0046.jpg,/kaggle/input/solar-cells-processed/solar_cell_ver4_/train_split/val/gray_0046_mask.png
/kaggle/input/solar-cells-processed/solar_cell_ver4_/train_split/val/gray_0181.jpg,/kaggle/input/solar-cells-processed/solar_cell_ver4_/train_split/val/gray_0181_mask.png
/kaggle/input/solar-cells-processed/solar_cell_ver4_/train_split/val/gray_0017.jpg,/kaggle/input/solar-cells-processed/solar_cell_ver4_/train_split/val/gray_0017_mask.png
/kaggle/input/solar-cells-processed/solar_cell_ver4_/train_split/val/rgb_0016.jpg,/kaggle/input/solar-cells-processed/solar_cell_ver4_/train_split/val/rgb_0016_mask.png
/kaggle/input/solar-cells-processed/solar_cell_ver4_/train_split/val/gray_0145.jpg,/kaggle/input/solar-cells-processed/solar_cell_ver4_/train_split/val/gray_0145_mask.png
/kaggle/input/solar-cells-processed/solar_cell_ver4_/train_split/train/gray_0030.jpg,/kaggle/input/solar-cells-processed/solar_cell_ver4_/train_split/train/gray_0030_mask.png
/kaggle/input/solar-cells-processed/solar_cell_ver4_/train_split/train/gray_0201.jpg,/kaggle/input/solar-cells-processed/solar_cell_ver4_/train_split/train/gray_0201_mask.png
/kaggle/input/solar-cells-processed/solar_cell_ver4_/train_split/train/gray_0212.jpg,/kaggle/input/solar-cells-processed/solar_cell_ver4_/train_split/train/gray_0212_mask.png
/kaggle/input/solar-cells-processed/solar_cell_ver4_/train_split/train/gray_0148.jpg,/kaggle/input/solar-cells-processed/solar_cell_ver4_/train_split/train/gray_0148_mask.png
/kaggle/input/solar-cells-processed/solar_cell_ver4_/train_split/train/rgb_0025.jpg,/kaggle/input/solar-cells-processed/solar_cell_ver4_/train_split/train/rgb_0025_mask.png
/kaggle/input/solar-cells-processed/solar_cell_ver4_/train_split/train/gray_0068.jpg,/kaggle/input/solar-cells-processed/solar_cell_ver4_/train_split/train/gray_0068_mask.png
/kaggle/input/solar-cells-processed/solar_cell_ver4_/train_split/train/gray_0107.jpg,/kaggle/input/solar-cells-processed/solar_cell_ver4_/train_split/train/gray_0107_mask.png
/kaggle/input/solar-cells-processed/solar_cell_ver4_/train_split/train/gray_0237.jpg,/kaggle/input/solar-cells-processed/solar_cell_ver4_/train_split/train/gray_0237_mask.png
/kaggle/input/solar-cells-processed/solar_cell_ver4_/train_split/train/gray_0206.jpg,/kaggle/input/solar-cells-processed/solar_cell_ver4_/train_split/train/gray_0206_mask.png
/kaggle/input/solar-cells-processed/solar_cell_ver4_/train_split/train/gray_0170.jpg,/kaggle/input/solar-cells-processed/solar_cell_ver4_/train_split/train/gray_0170_mask.png
/kaggle/input/solar-cells-processed/solar_cell_ver4_/train_split/train/gray_0146.jpg,/kaggle/input/solar-cells-processed/solar_cell_ver4_/train_split/train/gray_0146_mask.png
/kaggle/input/solar-cells-processed/solar_cell_ver4_/train_split/train/gray_0216.jpg,/kaggle/input/solar-cells-processed/solar_cell_ver4_/train_split/train/gray_0216_mask.png
/kaggle/input/solar-cells-processed/solar_cell_ver4_/train_split/train/gray_0024.jpg,/kaggle/input/solar-cells-processed/solar_cell_ver4_/train_split/train/gray_0024_mask.png
/kaggle/input/solar-cells-processed/solar_cell_ver4_/train_split/train/gray_0025.jpg,/kaggle/input/solar-cells-processed/solar_cell_ver4_/train_split/train/gray_0025_mask.png
/kaggle/input/solar-cells-processed/solar_cell_ver4_/train_split/train/rgb_0019.jpg,/kaggle/input/solar-cells-processed/solar_cell_ver4_/train_split/train/rgb_0019_mask.png
/kaggle/input/solar-cells-processed/solar_cell_ver4_/train_split/train/gray_0124.jpg,/kaggle/input/solar-cells-processed/solar_cell_ver4_/train_split/train/gray_0124_mask.png
/kaggle/input/solar-cells-processed/solar_cell_ver4_/train_split/train/gray_0131.jpg,/kaggle/input/solar-cells-processed/solar_cell_ver4_/train_split/train/gray_0131_mask.png
/kaggle/input/solar-cells-processed/solar_cell_ver4_/train_split/train/rgb_0026.jpg,/kaggle/input/solar-cells-processed/solar_cell_ver4_/train_split/train/rgb_0026_mask.png
/kaggle/input/solar-cells-processed/solar_cell_ver4_/train_split/train/gray_0085.jpg,/kaggle/input/solar-cells-processed/solar_cell_ver4_/train_split/train/gray_0085_mask.png
/kaggle/input/solar-cells-processed/solar_cell_ver4_/train_split/train/gray_0230.jpg,/kaggle/input/solar-cells-processed/solar_cell_ver4_/train_split/train/gray_0230_mask.png
/kaggle/input/solar-cells-processed/solar_cell_ver4_/train_split/train/gray_0122.jpg,/kaggle/input/solar-cells-processed/solar_cell_ver4_/train_split/train/gray_0122_mask.png
/kaggle/input/solar-cells-processed/solar_cell_ver4_/train_split/train/gray_0048.jpg,/kaggle/input/solar-cells-processed/solar_cell_ver4_/train_split/train/gray_0048_mask.png
/kaggle/input/solar-cells-processed/solar_cell_ver4_/train_split/train/gray_0071.jpg,/kaggle/input/solar-cells-processed/solar_cell_ver4_/train_split/train/gray_0071_mask.png
/kaggle/input/solar-cells-processed/solar_cell_ver4_/train_split/train/rgb_0009.jpg,/kaggle/input/solar-cells-processed/solar_cell_ver4_/train_split/train/rgb_0009_mask.png
/kaggle/input/solar-cells-processed/solar_cell_ver4_/train_split/train/gray_0258.jpg,/kaggle/input/solar-cells-processed/solar_cell_ver4_/train_split/train/gray_0258_mask.png
/kaggle/input/solar-cells-processed/solar_cell_ver4_/train_split/train/gray_0264.jpg,/kaggle/input/solar-cells-processed/solar_cell_ver4_/train_split/train/gray_0264_mask.png
/kaggle/input/solar-cells-processed/solar_cell_ver4_/train_split/train/rgb_0005.jpg,/kaggle/input/solar-cells-processed/solar_cell_ver4_/train_split/train/rgb_0005_mask.png
/kaggle/input/solar-cells-processed/solar_cell_ver4_/train_split/train/gray_0101.jpg,/kaggle/input/solar-cells-processed/solar_cell_ver4_/train_split/train/gray_0101_mask.png
/kaggle/input/solar-cells-processed/solar_cell_ver4_/train_split/train/gray_0013.jpg,/kaggle/input/solar-cells-processed/solar_cell_ver4_/train_split/train/gray_0013_mask.png
/kaggle/input/solar-cells-processed/solar_cell_ver4_/train_split/train/gray_0090.jpg,/kaggle/input/solar-cells-processed/solar_cell_ver4_/train_split/train/gray_0090_mask.png
/kaggle/input/solar-cells-processed/solar_cell_ver4_/train_split/train/gray_0172.jpg,/kaggle/input/solar-cells-processed/solar_cell_ver4_/train_split/train/gray_0172_mask.png
/kaggle/input/solar-cells-processed/solar_cell_ver4_/train_split/train/gray_0002.jpg,/kaggle/input/solar-cells-processed/solar_cell_ver4_/train_split/train/gray_0002_mask.png
/kaggle/input/solar-cells-processed/solar_cell_ver4_/train_split/train/gray_0087.jpg,/kaggle/input/solar-cells-processed/solar_cell_ver4_/train_split/train/gray_0087_mask.png
/kaggle/input/solar-cells-processed/solar_cell_ver4_/train_split/train/rgb_0022.jpg,/kaggle/input/solar-cells-processed/solar_cell_ver4_/train_split/train/rgb_0022_mask.png
/kaggle/input/solar-cells-processed/solar_cell_ver4_/train_split/train/gray_0103.jpg,/kaggle/input/solar-cells-processed/solar_cell_ver4_/train_split/train/gray_0103_mask.png
/kaggle/input/solar-cells-processed/solar_cell_ver4_/train_split/train/gray_0195.jpg,/kaggle/input/solar-cells-processed/solar_cell_ver4_/train_split/train/gray_0195_mask.png
/kaggle/input/solar-cells-processed/solar_cell_ver4_/train_split/train/gray_0213.jpg,/kaggle/input/solar-cells-processed/solar_cell_ver4_/train_split/train/gray_0213_mask.png
/kaggle/input/solar-cells-processed/solar_cell_ver4_/train_split/train/gray_0137.jpg,/kaggle/input/solar-cells-processed/solar_cell_ver4_/train_split/train/gray_0137_mask.png
/kaggle/input/solar-cells-processed/solar_cell_ver4_/train_split/train/gray_0066.jpg,/kaggle/input/solar-cells-processed/solar_cell_ver4_/train_split/train/gray_0066_mask.png
/kaggle/input/solar-cells-processed/solar_cell_ver4_/train_split/train/gray_0255.jpg,/kaggle/input/solar-cells-processed/solar_cell_ver4_/train_split/train/gray_0255_mask.png
/kaggle/input/solar-cells-processed/solar_cell_ver4_/train_split/train/gray_0208.jpg,/kaggle/input/solar-cells-processed/solar_cell_ver4_/train_split/train/gray_0208_mask.png
/kaggle/input/solar-cells-processed/solar_cell_ver4_/train_split/train/gray_0099.jpg,/kaggle/input/solar-cells-processed/solar_cell_ver4_/train_split/train/gray_0099_mask.png
/kaggle/input/solar-cells-processed/solar_cell_ver4_/train_split/train/gray_0244.jpg,/kaggle/input/solar-cells-processed/solar_cell_ver4_/train_split/train/gray_0244_mask.png
/kaggle/input/solar-cells-processed/solar_cell_ver4_/train_split/train/gray_0028.jpg,/kaggle/input/solar-cells-processed/solar_cell_ver4_/train_split/train/gray_0028_mask.png
/kaggle/input/solar-cells-processed/solar_cell_ver4_/train_split/train/gray_0059.jpg,/kaggle/input/solar-cells-processed/solar_cell_ver4_/train_split/train/gray_0059_mask.png
/kaggle/input/solar-cells-processed/solar_cell_ver4_/train_split/train/rgb_0034.jpg,/kaggle/input/solar-cells-processed/solar_cell_ver4_/train_split/train/rgb_0034_mask.png
/kaggle/input/solar-cells-processed/solar_cell_ver4_/train_split/train/gray_0247.jpg,/kaggle/input/solar-cells-processed/solar_cell_ver4_/train_split/train/gray_0247_mask.png
/kaggle/input/solar-cells-processed/solar_cell_ver4_/train_split/train/rgb_0023.jpg,/kaggle/input/solar-cells-processed/solar_cell_ver4_/train_split/train/rgb_0023_mask.png
/kaggle/input/solar-cells-processed/solar_cell_ver4_/train_split/train/gray_0086.jpg,/kaggle/input/solar-cells-processed/solar_cell_ver4_/train_split/train/gray_0086_mask.png
/kaggle/input/solar-cells-processed/solar_cell_ver4_/train_split/train/gray_0116.jpg,/kaggle/input/solar-cells-processed/solar_cell_ver4_/train_split/train/gray_0116_mask.png
/kaggle/input/solar-cells-processed/solar_cell_ver4_/train_split/train/gray_0156.jpg,/kaggle/input/solar-cells-processed/solar_cell_ver4_/train_split/train/gray_0156_mask.png
/kaggle/input/solar-cells-processed/solar_cell_ver4_/train_split/train/gray_0188.jpg,/kaggle/input/solar-cells-processed/solar_cell_ver4_/train_split/train/gray_0188_mask.png
/kaggle/input/solar-cells-processed/solar_cell_ver4_/train_split/train/gray_0151.jpg,/kaggle/input/solar-cells-processed/solar_cell_ver4_/train_split/train/gray_0151_mask.png
/kaggle/input/solar-cells-processed/solar_cell_ver4_/train_split/train/gray_0033.jpg,/kaggle/input/solar-cells-processed/solar_cell_ver4_/train_split/train/gray_0033_mask.png
/kaggle/input/solar-cells-processed/solar_cell_ver4_/train_split/train/gray_0248.jpg,/kaggle/input/solar-cells-processed/solar_cell_ver4_/train_split/train/gray_0248_mask.png
/kaggle/input/solar-cells-processed/solar_cell_ver4_/train_split/train/gray_0042.jpg,/kaggle/input/solar-cells-processed/solar_cell_ver4_/train_split/train/gray_0042_mask.png
/kaggle/input/solar-cells-processed/solar_cell_ver4_/train_split/train/gray_0038.jpg,/kaggle/input/solar-cells-processed/solar_cell_ver4_/train_split/train/gray_0038_mask.png
/kaggle/input/solar-cells-processed/solar_cell_ver4_/train_split/train/gray_0141.jpg,/kaggle/input/solar-cells-processed/solar_cell_ver4_/train_split/train/gray_0141_mask.png
/kaggle/input/solar-cells-processed/solar_cell_ver4_/train_split/train/gray_0022.jpg,/kaggle/input/solar-cells-processed/solar_cell_ver4_/train_split/train/gray_0022_mask.png
/kaggle/input/solar-cells-processed/solar_cell_ver4_/train_split/train/gray_0190.jpg,/kaggle/input/solar-cells-processed/solar_cell_ver4_/train_split/train/gray_0190_mask.png
/kaggle/input/solar-cells-processed/solar_cell_ver4_/train_split/train/gray_0245.jpg,/kaggle/input/solar-cells-processed/solar_cell_ver4_/train_split/train/gray_0245_mask.png
/kaggle/input/solar-cells-processed/solar_cell_ver4_/train_split/train/gray_0049.jpg,/kaggle/input/solar-cells-processed/solar_cell_ver4_/train_split/train/gray_0049_mask.png
/kaggle/input/solar-cells-processed/solar_cell_ver4_/train_split/train/rgb_0017.jpg,/kaggle/input/solar-cells-processed/solar_cell_ver4_/train_split/train/rgb_0017_mask.png
/kaggle/input/solar-cells-processed/solar_cell_ver4_/train_split/train/rgb_0010.jpg,/kaggle/input/solar-cells-processed/solar_cell_ver4_/train_split/train/rgb_0010_mask.png
/kaggle/input/solar-cells-processed/solar_cell_ver4_/train_split/train/gray_0256.jpg,/kaggle/input/solar-cells-processed/solar_cell_ver4_/train_split/train/gray_0256_mask.png
/kaggle/input/solar-cells-processed/solar_cell_ver4_/train_split/train/gray_0150.jpg,/kaggle/input/solar-cells-processed/solar_cell_ver4_/train_split/train/gray_0150_mask.png
/kaggle/input/solar-cells-processed/solar_cell_ver4_/train_split/train/gray_0241.jpg,/kaggle/input/solar-cells-processed/solar_cell_ver4_/train_split/train/gray_0241_mask.png
/kaggle/input/solar-cells-processed/solar_cell_ver4_/train_split/train/gray_0126.jpg,/kaggle/input/solar-cells-processed/solar_cell_ver4_/train_split/train/gray_0126_mask.png
/kaggle/input/solar-cells-processed/solar_cell_ver4_/train_split/train/rgb_0042.jpg,/kaggle/input/solar-cells-processed/solar_cell_ver4_/train_split/train/rgb_0042_mask.png
/kaggle/input/solar-cells-processed/solar_cell_ver4_/train_split/train/gray_0196.jpg,/kaggle/input/solar-cells-processed/solar_cell_ver4_/train_split/train/gray_0196_mask.png
/kaggle/input/solar-cells-processed/solar_cell_ver4_/train_split/train/gray_0069.jpg,/kaggle/input/solar-cells-processed/solar_cell_ver4_/train_split/train/gray_0069_mask.png
/kaggle/input/solar-cells-processed/solar_cell_ver4_/train_split/train/rgb_0043.jpg,/kaggle/input/solar-cells-processed/solar_cell_ver4_/train_split/train/rgb_0043_mask.png
/kaggle/input/solar-cells-processed/solar_cell_ver4_/train_split/train/gray_0051.jpg,/kaggle/input/solar-cells-processed/solar_cell_ver4_/train_split/train/gray_0051_mask.png
/kaggle/input/solar-cells-processed/solar_cell_ver4_/train_split/train/gray_0184.jpg,/kaggle/input/solar-cells-processed/solar_cell_ver4_/train_split/train/gray_0184_mask.png
/kaggle/input/solar-cells-processed/solar_cell_ver4_/train_split/train/gray_0036.jpg,/kaggle/input/solar-cells-processed/solar_cell_ver4_/train_split/train/gray_0036_mask.png
/kaggle/input/solar-cells-processed/solar_cell_ver4_/train_split/train/gray_0128.jpg,/kaggle/input/solar-cells-processed/solar_cell_ver4_/train_split/train/gray_0128_mask.png
/kaggle/input/solar-cells-processed/solar_cell_ver4_/train_split/train/gray_0179.jpg,/kaggle/input/solar-cells-processed/solar_cell_ver4_/train_split/train/gray_0179_mask.png
/kaggle/input/solar-cells-processed/solar_cell_ver4_/train_split/train/gray_0016.jpg,/kaggle/input/solar-cells-processed/solar_cell_ver4_/train_split/train/gray_0016_mask.png
/kaggle/input/solar-cells-processed/solar_cell_ver4_/train_split/train/gray_0044.jpg,/kaggle/input/solar-cells-processed/solar_cell_ver4_/train_split/train/gray_0044_mask.png
/kaggle/input/solar-cells-processed/solar_cell_ver4_/train_split/train/gray_0031.jpg,/kaggle/input/solar-cells-processed/solar_cell_ver4_/train_split/train/gray_0031_mask.png
/kaggle/input/solar-cells-processed/solar_cell_ver4_/train_split/train/gray_0231.jpg,/kaggle/input/solar-cells-processed/solar_cell_ver4_/train_split/train/gray_0231_mask.png
/kaggle/input/solar-cells-processed/solar_cell_ver4_/train_split/train/gray_0238.jpg,/kaggle/input/solar-cells-processed/solar_cell_ver4_/train_split/train/gray_0238_mask.png
/kaggle/input/solar-cells-processed/solar_cell_ver4_/train_split/train/gray_0169.jpg,/kaggle/input/solar-cells-processed/solar_cell_ver4_/train_split/train/gray_0169_mask.png
/kaggle/input/solar-cells-processed/solar_cell_ver4_/train_split/train/gray_0130.jpg,/kaggle/input/solar-cells-processed/solar_cell_ver4_/train_split/train/gray_0130_mask.png
/kaggle/input/solar-cells-processed/solar_cell_ver4_/train_split/train/gray_0272.jpg,/kaggle/input/solar-cells-processed/solar_cell_ver4_/train_split/train/gray_0272_mask.png
/kaggle/input/solar-cells-processed/solar_cell_ver4_/train_split/train/gray_0054.jpg,/kaggle/input/solar-cells-processed/solar_cell_ver4_/train_split/train/gray_0054_mask.png
/kaggle/input/solar-cells-processed/solar_cell_ver4_/train_split/train/gray_0175.jpg,/kaggle/input/solar-cells-processed/solar_cell_ver4_/train_split/train/gray_0175_mask.png
/kaggle/input/solar-cells-processed/solar_cell_ver4_/train_split/train/gray_0194.jpg,/kaggle/input/solar-cells-processed/solar_cell_ver4_/train_split/train/gray_0194_mask.png
/kaggle/input/solar-cells-processed/solar_cell_ver4_/train_split/train/gray_0167.jpg,/kaggle/input/solar-cells-processed/solar_cell_ver4_/train_split/train/gray_0167_mask.png
/kaggle/input/solar-cells-processed/solar_cell_ver4_/train_split/train/rgb_0021.jpg,/kaggle/input/solar-cells-processed/solar_cell_ver4_/train_split/train/rgb_0021_mask.png
/kaggle/input/solar-cells-processed/solar_cell_ver4_/train_split/train/gray_0080.jpg,/kaggle/input/solar-cells-processed/solar_cell_ver4_/train_split/train/gray_0080_mask.png
/kaggle/input/solar-cells-processed/solar_cell_ver4_/train_split/train/gray_0082.jpg,/kaggle/input/solar-cells-processed/solar_cell_ver4_/train_split/train/gray_0082_mask.png
/kaggle/input/solar-cells-processed/solar_cell_ver4_/train_split/train/gray_0092.jpg,/kaggle/input/solar-cells-processed/solar_cell_ver4_/train_split/train/gray_0092_mask.png
/kaggle/input/solar-cells-processed/solar_cell_ver4_/train_split/train/gray_0023.jpg,/kaggle/input/solar-cells-processed/solar_cell_ver4_/train_split/train/gray_0023_mask.png
/kaggle/input/solar-cells-processed/solar_cell_ver4_/train_split/train/gray_0118.jpg,/kaggle/input/solar-cells-processed/solar_cell_ver4_/train_split/train/gray_0118_mask.png
/kaggle/input/solar-cells-processed/solar_cell_ver4_/train_split/train/gray_0159.jpg,/kaggle/input/solar-cells-processed/solar_cell_ver4_/train_split/train/gray_0159_mask.png
/kaggle/input/solar-cells-processed/solar_cell_ver4_/train_split/train/gray_0223.jpg,/kaggle/input/solar-cells-processed/solar_cell_ver4_/train_split/train/gray_0223_mask.png
/kaggle/input/solar-cells-processed/solar_cell_ver4_/train_split/train/gray_0050.jpg,/kaggle/input/solar-cells-processed/solar_cell_ver4_/train_split/train/gray_0050_mask.png
/kaggle/input/solar-cells-processed/solar_cell_ver4_/train_split/train/gray_0020.jpg,/kaggle/input/solar-cells-processed/solar_cell_ver4_/train_split/train/gray_0020_mask.png
/kaggle/input/solar-cells-processed/solar_cell_ver4_/train_split/train/gray_0239.jpg,/kaggle/input/solar-cells-processed/solar_cell_ver4_/train_split/train/gray_0239_mask.png
/kaggle/input/solar-cells-processed/solar_cell_ver4_/train_split/train/gray_0057.jpg,/kaggle/input/solar-cells-processed/solar_cell_ver4_/train_split/train/gray_0057_mask.png
/kaggle/input/solar-cells-processed/solar_cell_ver4_/train_split/train/gray_0214.jpg,/kaggle/input/solar-cells-processed/solar_cell_ver4_/train_split/train/gray_0214_mask.png
/kaggle/input/solar-cells-processed/solar_cell_ver4_/train_split/train/gray_0254.jpg,/kaggle/input/solar-cells-processed/solar_cell_ver4_/train_split/train/gray_0254_mask.png
/kaggle/input/solar-cells-processed/solar_cell_ver4_/train_split/train/gray_0149.jpg,/kaggle/input/solar-cells-processed/solar_cell_ver4_/train_split/train/gray_0149_mask.png
/kaggle/input/solar-cells-processed/solar_cell_ver4_/train_split/train/gray_0018.jpg,/kaggle/input/solar-cells-processed/solar_cell_ver4_/train_split/train/gray_0018_mask.png
/kaggle/input/solar-cells-processed/solar_cell_ver4_/train_split/train/gray_0001.jpg,/kaggle/input/solar-cells-processed/solar_cell_ver4_/train_split/train/gray_0001_mask.png
/kaggle/input/solar-cells-processed/solar_cell_ver4_/train_split/train/gray_0053.jpg,/kaggle/input/solar-cells-processed/solar_cell_ver4_/train_split/train/gray_0053_mask.png
/kaggle/input/solar-cells-processed/solar_cell_ver4_/train_split/train/rgb_0033.jpg,/kaggle/input/solar-cells-processed/solar_cell_ver4_/train_split/train/rgb_0033_mask.png
/kaggle/input/solar-cells-processed/solar_cell_ver4_/train_split/train/gray_0249.jpg,/kaggle/input/solar-cells-processed/solar_cell_ver4_/train_split/train/gray_0249_mask.png
/kaggle/input/solar-cells-processed/solar_cell_ver4_/train_split/train/gray_0171.jpg,/kaggle/input/solar-cells-processed/solar_cell_ver4_/train_split/train/gray_0171_mask.png
/kaggle/input/solar-cells-processed/solar_cell_ver4_/train_split/train/gray_0136.jpg,/kaggle/input/solar-cells-processed/solar_cell_ver4_/train_split/train/gray_0136_mask.png
/kaggle/input/solar-cells-processed/solar_cell_ver4_/train_split/train/gray_0037.jpg,/kaggle/input/solar-cells-processed/solar_cell_ver4_/train_split/train/gray_0037_mask.png
/kaggle/input/solar-cells-processed/solar_cell_ver4_/train_split/train/gray_0229.jpg,/kaggle/input/solar-cells-processed/solar_cell_ver4_/train_split/train/gray_0229_mask.png
/kaggle/input/solar-cells-processed/solar_cell_ver4_/train_split/train/gray_0262.jpg,/kaggle/input/solar-cells-processed/solar_cell_ver4_/train_split/train/gray_0262_mask.png
/kaggle/input/solar-cells-processed/solar_cell_ver4_/train_split/train/gray_0096.jpg,/kaggle/input/solar-cells-processed/solar_cell_ver4_/train_split/train/gray_0096_mask.png
/kaggle/input/solar-cells-processed/solar_cell_ver4_/train_split/train/gray_0041.jpg,/kaggle/input/solar-cells-processed/solar_cell_ver4_/train_split/train/gray_0041_mask.png
/kaggle/input/solar-cells-processed/solar_cell_ver4_/train_split/train/gray_0183.jpg,/kaggle/input/solar-cells-processed/solar_cell_ver4_/train_split/train/gray_0183_mask.png
/kaggle/input/solar-cells-processed/solar_cell_ver4_/train_split/train/gray_0113.jpg,/kaggle/input/solar-cells-processed/solar_cell_ver4_/train_split/train/gray_0113_mask.png
/kaggle/input/solar-cells-processed/solar_cell_ver4_/train_split/train/gray_0055.jpg,/kaggle/input/solar-cells-processed/solar_cell_ver4_/train_split/train/gray_0055_mask.png
/kaggle/input/solar-cells-processed/solar_cell_ver4_/train_split/train/gray_0084.jpg,/kaggle/input/solar-cells-processed/solar_cell_ver4_/train_split/train/gray_0084_mask.png
/kaggle/input/solar-cells-processed/solar_cell_ver4_/train_split/train/gray_0224.jpg,/kaggle/input/solar-cells-processed/solar_cell_ver4_/train_split/train/gray_0224_mask.png
/kaggle/input/solar-cells-processed/solar_cell_ver4_/train_split/train/gray_0234.jpg,/kaggle/input/solar-cells-processed/solar_cell_ver4_/train_split/train/gray_0234_mask.png
/kaggle/input/solar-cells-processed/solar_cell_ver4_/train_split/train/gray_0003.jpg,/kaggle/input/solar-cells-processed/solar_cell_ver4_/train_split/train/gray_0003_mask.png
/kaggle/input/solar-cells-processed/solar_cell_ver4_/train_split/train/gray_0112.jpg,/kaggle/input/solar-cells-processed/solar_cell_ver4_/train_split/train/gray_0112_mask.png
/kaggle/input/solar-cells-processed/solar_cell_ver4_/train_split/train/gray_0269.jpg,/kaggle/input/solar-cells-processed/solar_cell_ver4_/train_split/train/gray_0269_mask.png
/kaggle/input/solar-cells-processed/solar_cell_ver4_/train_split/train/gray_0252.jpg,/kaggle/input/solar-cells-processed/solar_cell_ver4_/train_split/train/gray_0252_mask.png
/kaggle/input/solar-cells-processed/solar_cell_ver4_/train_split/train/rgb_0029.jpg,/kaggle/input/solar-cells-processed/solar_cell_ver4_/train_split/train/rgb_0029_mask.png
/kaggle/input/solar-cells-processed/solar_cell_ver4_/train_split/train/gray_0032.jpg,/kaggle/input/solar-cells-processed/solar_cell_ver4_/train_split/train/gray_0032_mask.png
/kaggle/input/solar-cells-processed/solar_cell_ver4_/train_split/train/gray_0205.jpg,/kaggle/input/solar-cells-processed/solar_cell_ver4_/train_split/train/gray_0205_mask.png
/kaggle/input/solar-cells-processed/solar_cell_ver4_/train_split/train/gray_0073.jpg,/kaggle/input/solar-cells-processed/solar_cell_ver4_/train_split/train/gray_0073_mask.png
/kaggle/input/solar-cells-processed/solar_cell_ver4_/train_split/train/gray_0040.jpg,/kaggle/input/solar-cells-processed/solar_cell_ver4_/train_split/train/gray_0040_mask.png
/kaggle/input/solar-cells-processed/solar_cell_ver4_/train_split/train/gray_0106.jpg,/kaggle/input/solar-cells-processed/solar_cell_ver4_/train_split/train/gray_0106_mask.png
/kaggle/input/solar-cells-processed/solar_cell_ver4_/train_split/train/gray_0219.jpg,/kaggle/input/solar-cells-processed/solar_cell_ver4_/train_split/train/gray_0219_mask.png
/kaggle/input/solar-cells-processed/solar_cell_ver4_/train_split/train/gray_0261.jpg,/kaggle/input/solar-cells-processed/solar_cell_ver4_/train_split/train/gray_0261_mask.png
/kaggle/input/solar-cells-processed/solar_cell_ver4_/train_split/train/gray_0161.jpg,/kaggle/input/solar-cells-processed/solar_cell_ver4_/train_split/train/gray_0161_mask.png
/kaggle/input/solar-cells-processed/solar_cell_ver4_/train_split/train/gray_0005.jpg,/kaggle/input/solar-cells-processed/solar_cell_ver4_/train_split/train/gray_0005_mask.png
/kaggle/input/solar-cells-processed/solar_cell_ver4_/train_split/train/gray_0029.jpg,/kaggle/input/solar-cells-processed/solar_cell_ver4_/train_split/train/gray_0029_mask.png
/kaggle/input/solar-cells-processed/solar_cell_ver4_/train_split/train/gray_0100.jpg,/kaggle/input/solar-cells-processed/solar_cell_ver4_/train_split/train/gray_0100_mask.png
/kaggle/input/solar-cells-processed/solar_cell_ver4_/train_split/train/gray_0135.jpg,/kaggle/input/solar-cells-processed/solar_cell_ver4_/train_split/train/gray_0135_mask.png
/kaggle/input/solar-cells-processed/solar_cell_ver4_/train_split/train/gray_0218.jpg,/kaggle/input/solar-cells-processed/solar_cell_ver4_/train_split/train/gray_0218_mask.png
/kaggle/input/solar-cells-processed/solar_cell_ver4_/train_split/train/gray_0211.jpg,/kaggle/input/solar-cells-processed/solar_cell_ver4_/train_split/train/gray_0211_mask.png
/kaggle/input/solar-cells-processed/solar_cell_ver4_/train_split/train/gray_0143.jpg,/kaggle/input/solar-cells-processed/solar_cell_ver4_/train_split/train/gray_0143_mask.png
/kaggle/input/solar-cells-processed/solar_cell_ver4_/train_split/train/gray_0225.jpg,/kaggle/input/solar-cells-processed/solar_cell_ver4_/train_split/train/gray_0225_mask.png
/kaggle/input/solar-cells-processed/solar_cell_ver4_/train_split/train/gray_0147.jpg,/kaggle/input/solar-cells-processed/solar_cell_ver4_/train_split/train/gray_0147_mask.png
/kaggle/input/solar-cells-processed/solar_cell_ver4_/train_split/train/gray_0007.jpg,/kaggle/input/solar-cells-processed/solar_cell_ver4_/train_split/train/gray_0007_mask.png
/kaggle/input/solar-cells-processed/solar_cell_ver4_/train_split/train/rgb_0040.jpg,/kaggle/input/solar-cells-processed/solar_cell_ver4_/train_split/train/rgb_0040_mask.png
/kaggle/input/solar-cells-processed/solar_cell_ver4_/train_split/train/gray_0115.jpg,/kaggle/input/solar-cells-processed/solar_cell_ver4_/train_split/train/gray_0115_mask.png
/kaggle/input/solar-cells-processed/solar_cell_ver4_/train_split/train/gray_0011.jpg,/kaggle/input/solar-cells-processed/solar_cell_ver4_/train_split/train/gray_0011_mask.png
/kaggle/input/solar-cells-processed/solar_cell_ver4_/train_split/train/gray_0240.jpg,/kaggle/input/solar-cells-processed/solar_cell_ver4_/train_split/train/gray_0240_mask.png
/kaggle/input/solar-cells-processed/solar_cell_ver4_/train_split/train/gray_0074.jpg,/kaggle/input/solar-cells-processed/solar_cell_ver4_/train_split/train/gray_0074_mask.png
/kaggle/input/solar-cells-processed/solar_cell_ver4_/train_split/train/gray_0088.jpg,/kaggle/input/solar-cells-processed/solar_cell_ver4_/train_split/train/gray_0088_mask.png
/kaggle/input/solar-cells-processed/solar_cell_ver4_/train_split/train/rgb_0045.jpg,/kaggle/input/solar-cells-processed/solar_cell_ver4_/train_split/train/rgb_0045_mask.png
/kaggle/input/solar-cells-processed/solar_cell_ver4_/train_split/train/gray_0162.jpg,/kaggle/input/solar-cells-processed/solar_cell_ver4_/train_split/train/gray_0162_mask.png
/kaggle/input/solar-cells-processed/solar_cell_ver4_/train_split/train/gray_0144.jpg,/kaggle/input/solar-cells-processed/solar_cell_ver4_/train_split/train/gray_0144_mask.png
/kaggle/input/solar-cells-processed/solar_cell_ver4_/train_split/train/rgb_0003.jpg,/kaggle/input/solar-cells-processed/solar_cell_ver4_/train_split/train/rgb_0003_mask.png
/kaggle/input/solar-cells-processed/solar_cell_ver4_/train_split/train/rgb_0039.jpg,/kaggle/input/solar-cells-processed/solar_cell_ver4_/train_split/train/rgb_0039_mask.png
/kaggle/input/solar-cells-processed/solar_cell_ver4_/train_split/train/rgb_0013.jpg,/kaggle/input/solar-cells-processed/solar_cell_ver4_/train_split/train/rgb_0013_mask.png
/kaggle/input/solar-cells-processed/solar_cell_ver4_/train_split/train/gray_0233.jpg,/kaggle/input/solar-cells-processed/solar_cell_ver4_/train_split/train/gray_0233_mask.png
/kaggle/input/solar-cells-processed/solar_cell_ver4_/train_split/train/gray_0163.jpg,/kaggle/input/solar-cells-processed/solar_cell_ver4_/train_split/train/gray_0163_mask.png
/kaggle/input/solar-cells-processed/solar_cell_ver4_/train_split/train/gray_0243.jpg,/kaggle/input/solar-cells-processed/solar_cell_ver4_/train_split/train/gray_0243_mask.png
/kaggle/input/solar-cells-processed/solar_cell_ver4_/train_split/train/gray_0012.jpg,/kaggle/input/solar-cells-processed/solar_cell_ver4_/train_split/train/gray_0012_mask.png
/kaggle/input/solar-cells-processed/solar_cell_ver4_/train_split/train/gray_0160.jpg,/kaggle/input/solar-cells-processed/solar_cell_ver4_/train_split/train/gray_0160_mask.png
/kaggle/input/solar-cells-processed/solar_cell_ver4_/train_split/train/gray_0235.jpg,/kaggle/input/solar-cells-processed/solar_cell_ver4_/train_split/train/gray_0235_mask.png
/kaggle/input/solar-cells-processed/solar_cell_ver4_/train_split/train/gray_0271.jpg,/kaggle/input/solar-cells-processed/solar_cell_ver4_/train_split/train/gray_0271_mask.png
/kaggle/input/solar-cells-processed/solar_cell_ver4_/train_split/train/rgb_0011.jpg,/kaggle/input/solar-cells-processed/solar_cell_ver4_/train_split/train/rgb_0011_mask.png
/kaggle/input/solar-cells-processed/solar_cell_ver4_/train_split/train/gray_0140.jpg,/kaggle/input/solar-cells-processed/solar_cell_ver4_/train_split/train/gray_0140_mask.png
/kaggle/input/solar-cells-processed/solar_cell_ver4_/train_split/train/rgb_0008.jpg,/kaggle/input/solar-cells-processed/solar_cell_ver4_/train_split/train/rgb_0008_mask.png
/kaggle/input/solar-cells-processed/solar_cell_ver4_/train_split/train/gray_0097.jpg,/kaggle/input/solar-cells-processed/solar_cell_ver4_/train_split/train/gray_0097_mask.png
/kaggle/input/solar-cells-processed/solar_cell_ver4_/train_split/train/gray_0070.jpg,/kaggle/input/solar-cells-processed/solar_cell_ver4_/train_split/train/gray_0070_mask.png
/kaggle/input/solar-cells-processed/solar_cell_ver4_/train_split/train/gray_0060.jpg,/kaggle/input/solar-cells-processed/solar_cell_ver4_/train_split/train/gray_0060_mask.png
/kaggle/input/solar-cells-processed/solar_cell_ver4_/train_split/train/gray_0200.jpg,/kaggle/input/solar-cells-processed/solar_cell_ver4_/train_split/train/gray_0200_mask.png
/kaggle/input/solar-cells-processed/solar_cell_ver4_/train_split/train/gray_0014.jpg,/kaggle/input/solar-cells-processed/solar_cell_ver4_/train_split/train/gray_0014_mask.png
/kaggle/input/solar-cells-processed/solar_cell_ver4_/train_split/train/rgb_0006.jpg,/kaggle/input/solar-cells-processed/solar_cell_ver4_/train_split/train/rgb_0006_mask.png
/kaggle/input/solar-cells-processed/solar_cell_ver4_/train_split/train/gray_0072.jpg,/kaggle/input/solar-cells-processed/solar_cell_ver4_/train_split/train/gray_0072_mask.png
/kaggle/input/solar-cells-processed/solar_cell_ver4_/train_split/train/gray_0198.jpg,/kaggle/input/solar-cells-processed/solar_cell_ver4_/train_split/train/gray_0198_mask.png
/kaggle/input/solar-cells-processed/solar_cell_ver4_/train_split/train/rgb_0036.jpg,/kaggle/input/solar-cells-processed/solar_cell_ver4_/train_split/train/rgb_0036_mask.png
/kaggle/input/solar-cells-processed/solar_cell_ver4_/train_split/train/gray_0027.jpg,/kaggle/input/solar-cells-processed/solar_cell_ver4_/train_split/train/gray_0027_mask.png
/kaggle/input/solar-cells-processed/solar_cell_ver4_/train_split/train/gray_0067.jpg,/kaggle/input/solar-cells-processed/solar_cell_ver4_/train_split/train/gray_0067_mask.png
/kaggle/input/solar-cells-processed/solar_cell_ver4_/train_split/train/gray_0039.jpg,/kaggle/input/solar-cells-processed/solar_cell_ver4_/train_split/train/gray_0039_mask.png
/kaggle/input/solar-cells-processed/solar_cell_ver4_/train_split/train/gray_0132.jpg,/kaggle/input/solar-cells-processed/solar_cell_ver4_/train_split/train/gray_0132_mask.png
/kaggle/input/solar-cells-processed/solar_cell_ver4_/train_split/train/gray_0251.jpg,/kaggle/input/solar-cells-processed/solar_cell_ver4_/train_split/train/gray_0251_mask.png
/kaggle/input/solar-cells-processed/solar_cell_ver4_/train_split/train/gray_0189.jpg,/kaggle/input/solar-cells-processed/solar_cell_ver4_/train_split/train/gray_0189_mask.png
/kaggle/input/solar-cells-processed/solar_cell_ver4_/train_split/train/gray_0222.jpg,/kaggle/input/solar-cells-processed/solar_cell_ver4_/train_split/train/gray_0222_mask.png
/kaggle/input/solar-cells-processed/solar_cell_ver4_/train_split/train/gray_0021.jpg,/kaggle/input/solar-cells-processed/solar_cell_ver4_/train_split/train/gray_0021_mask.png
/kaggle/input/solar-cells-processed/solar_cell_ver4_/train_split/train/gray_0192.jpg,/kaggle/input/solar-cells-processed/solar_cell_ver4_/train_split/train/gray_0192_mask.png
/kaggle/input/solar-cells-processed/solar_cell_ver4_/train_split/train/rgb_0038.jpg,/kaggle/input/solar-cells-processed/solar_cell_ver4_/train_split/train/rgb_0038_mask.png
/kaggle/input/solar-cells-processed/solar_cell_ver4_/train_split/train/gray_0155.jpg,/kaggle/input/solar-cells-processed/solar_cell_ver4_/train_split/train/gray_0155_mask.png
/kaggle/input/solar-cells-processed/solar_cell_ver4_/train_split/train/gray_0157.jpg,/kaggle/input/solar-cells-processed/solar_cell_ver4_/train_split/train/gray_0157_mask.png
/kaggle/input/solar-cells-processed/solar_cell_ver4_/train_split/train/gray_0182.jpg,/kaggle/input/solar-cells-processed/solar_cell_ver4_/train_split/train/gray_0182_mask.png
/kaggle/input/solar-cells-processed/solar_cell_ver4_/train_split/train/rgb_0007.jpg,/kaggle/input/solar-cells-processed/solar_cell_ver4_/train_split/train/rgb_0007_mask.png
/kaggle/input/solar-cells-processed/solar_cell_ver4_/train_split/train/gray_0019.jpg,/kaggle/input/solar-cells-processed/solar_cell_ver4_/train_split/train/gray_0019_mask.png
/kaggle/input/solar-cells-processed/solar_cell_ver4_/train_split/train/rgb_0044.jpg,/kaggle/input/solar-cells-processed/solar_cell_ver4_/train_split/train/rgb_0044_mask.png
/kaggle/input/solar-cells-processed/solar_cell_ver4_/train_split/train/gray_0111.jpg,/kaggle/input/solar-cells-processed/solar_cell_ver4_/train_split/train/gray_0111_mask.png
/kaggle/input/solar-cells-processed/solar_cell_ver4_/train_split/train/gray_0035.jpg,/kaggle/input/solar-cells-processed/solar_cell_ver4_/train_split/train/gray_0035_mask.png
/kaggle/input/solar-cells-processed/solar_cell_ver4_/train_split/train/gray_0152.jpg,/kaggle/input/solar-cells-processed/solar_cell_ver4_/train_split/train/gray_0152_mask.png
/kaggle/input/solar-cells-processed/solar_cell_ver4_/train_split/train/gray_0153.jpg,/kaggle/input/solar-cells-processed/solar_cell_ver4_/train_split/train/gray_0153_mask.png
/kaggle/input/solar-cells-processed/solar_cell_ver4_/train_split/train/gray_0260.jpg,/kaggle/input/solar-cells-processed/solar_cell_ver4_/train_split/train/gray_0260_mask.png
/kaggle/input/solar-cells-processed/solar_cell_ver4_/train_split/train/rgb_0014.jpg,/kaggle/input/solar-cells-processed/solar_cell_ver4_/train_split/train/rgb_0014_mask.png
/kaggle/input/solar-cells-processed/solar_cell_ver4_/train_split/train/rgb_0048.jpg,/kaggle/input/solar-cells-processed/solar_cell_ver4_/train_split/train/rgb_0048_mask.png
/kaggle/input/solar-cells-processed/solar_cell_ver4_/train_split/train/gray_0015.jpg,/kaggle/input/solar-cells-processed/solar_cell_ver4_/train_split/train/gray_0015_mask.png
/kaggle/input/solar-cells-processed/solar_cell_ver4_/train_split/train/rgb_0049.jpg,/kaggle/input/solar-cells-processed/solar_cell_ver4_/train_split/train/rgb_0049_mask.png
/kaggle/input/solar-cells-processed/solar_cell_ver4_/train_split/train/gray_0217.jpg,/kaggle/input/solar-cells-processed/solar_cell_ver4_/train_split/train/gray_0217_mask.png
/kaggle/input/solar-cells-processed/solar_cell_ver4_/train_split/train/gray_0193.jpg,/kaggle/input/solar-cells-processed/solar_cell_ver4_/train_split/train/gray_0193_mask.png
/kaggle/input/solar-cells-processed/solar_cell_ver4_/train_split/train/gray_0093.jpg,/kaggle/input/solar-cells-processed/solar_cell_ver4_/train_split/train/gray_0093_mask.png
/kaggle/input/solar-cells-processed/solar_cell_ver4_/train_split/train/rgb_0004.jpg,/kaggle/input/solar-cells-processed/solar_cell_ver4_/train_split/train/rgb_0004_mask.png
/kaggle/input/solar-cells-processed/solar_cell_ver4_/train_split/train/rgb_0001.jpg,/kaggle/input/solar-cells-processed/solar_cell_ver4_/train_split/train/rgb_0001_mask.png
/kaggle/input/solar-cells-processed/solar_cell_ver4_/train_split/train/gray_0123.jpg,/kaggle/input/solar-cells-processed/solar_cell_ver4_/train_split/train/gray_0123_mask.png
/kaggle/input/solar-cells-processed/solar_cell_ver4_/train_split/train/rgb_0050.jpg,/kaggle/input/solar-cells-processed/solar_cell_ver4_/train_split/train/rgb_0050_mask.png
/kaggle/input/solar-cells-processed/solar_cell_ver4_/train_split/train/gray_0203.jpg,/kaggle/input/solar-cells-processed/solar_cell_ver4_/train_split/train/gray_0203_mask.png
/kaggle/input/solar-cells-processed/solar_cell_ver4_/train_split/train/rgb_0015.jpg,/kaggle/input/solar-cells-processed/solar_cell_ver4_/train_split/train/rgb_0015_mask.png
/kaggle/input/solar-cells-processed/solar_cell_ver4_/train_split/train/gray_0114.jpg,/kaggle/input/solar-cells-processed/solar_cell_ver4_/train_split/train/gray_0114_mask.png
/kaggle/input/solar-cells-processed/solar_cell_ver4_/train_split/train/gray_0236.jpg,/kaggle/input/solar-cells-processed/solar_cell_ver4_/train_split/train/gray_0236_mask.png
/kaggle/input/solar-cells-processed/solar_cell_ver4_/train_split/train/gray_0081.jpg,/kaggle/input/solar-cells-processed/solar_cell_ver4_/train_split/train/gray_0081_mask.png
/kaggle/input/solar-cells-processed/solar_cell_ver4_/train_split/train/gray_0168.jpg,/kaggle/input/solar-cells-processed/solar_cell_ver4_/train_split/train/gray_0168_mask.png
/kaggle/input/solar-cells-processed/solar_cell_ver4_/train_split/train/gray_0263.jpg,/kaggle/input/solar-cells-processed/solar_cell_ver4_/train_split/train/gray_0263_mask.png
/kaggle/input/solar-cells-processed/solar_cell_ver4_/train_split/train/gray_0062.jpg,/kaggle/input/solar-cells-processed/solar_cell_ver4_/train_split/train/gray_0062_mask.png
/kaggle/input/solar-cells-processed/solar_cell_ver4_/train_split/train/gray_0268.jpg,/kaggle/input/solar-cells-processed/solar_cell_ver4_/train_split/train/gray_0268_mask.png
/kaggle/input/solar-cells-processed/solar_cell_ver4_/train_split/train/gray_0154.jpg,/kaggle/input/solar-cells-processed/solar_cell_ver4_/train_split/train/gray_0154_mask.png
/kaggle/input/solar-cells-processed/solar_cell_ver4_/train_split/train/gray_0063.jpg,/kaggle/input/solar-cells-processed/solar_cell_ver4_/train_split/train/gray_0063_mask.png
/kaggle/input/solar-cells-processed/solar_cell_ver4_/train_split/train/gray_0242.jpg,/kaggle/input/solar-cells-processed/solar_cell_ver4_/train_split/train/gray_0242_mask.png
/kaggle/input/solar-cells-processed/solar_cell_ver4_/train_split/train/rgb_0046.jpg,/kaggle/input/solar-cells-processed/solar_cell_ver4_/train_split/train/rgb_0046_mask.png
/kaggle/input/solar-cells-processed/solar_cell_ver4_/train_split/train/rgb_0035.jpg,/kaggle/input/solar-cells-processed/solar_cell_ver4_/train_split/train/rgb_0035_mask.png
/kaggle/input/solar-cells-processed/solar_cell_ver4_/train_split/train/gray_0226.jpg,/kaggle/input/solar-cells-processed/solar_cell_ver4_/train_split/train/gray_0226_mask.png
/kaggle/input/solar-cells-processed/solar_cell_ver4_/train_split/train/rgb_0051.jpg,/kaggle/input/solar-cells-processed/solar_cell_ver4_/train_split/train/rgb_0051_mask.png
/kaggle/input/solar-cells-processed/solar_cell_ver4_/train_split/train/gray_0270.jpg,/kaggle/input/solar-cells-processed/solar_cell_ver4_/train_split/train/gray_0270_mask.png
/kaggle/input/solar-cells-processed/solar_cell_ver4_/train_split/train/gray_0191.jpg,/kaggle/input/solar-cells-processed/solar_cell_ver4_/train_split/train/gray_0191_mask.png
/kaggle/input/solar-cells-processed/solar_cell_ver4_/train_split/train/gray_0221.jpg,/kaggle/input/solar-cells-processed/solar_cell_ver4_/train_split/train/gray_0221_mask.png
/kaggle/input/solar-cells-processed/solar_cell_ver4_/train_split/train/gray_0119.jpg,/kaggle/input/solar-cells-processed/solar_cell_ver4_/train_split/train/gray_0119_mask.png
/kaggle/input/solar-cells-processed/solar_cell_ver4_/train_split/train/gray_0215.jpg,/kaggle/input/solar-cells-processed/solar_cell_ver4_/train_split/train/gray_0215_mask.png
/kaggle/input/solar-cells-processed/solar_cell_ver4_/train_split/train/gray_0045.jpg,/kaggle/input/solar-cells-processed/solar_cell_ver4_/train_split/train/gray_0045_mask.png
/kaggle/input/solar-cells-processed/solar_cell_ver4_/train_split/train/gray_0104.jpg,/kaggle/input/solar-cells-processed/solar_cell_ver4_/train_split/train/gray_0104_mask.png
/kaggle/input/solar-cells-processed/solar_cell_ver4_/train_split/train/gray_0089.jpg,/kaggle/input/solar-cells-processed/solar_cell_ver4_/train_split/train/gray_0089_mask.png
/kaggle/input/solar-cells-processed/solar_cell_ver4_/train_split/train/gray_0052.jpg,/kaggle/input/solar-cells-processed/solar_cell_ver4_/train_split/train/gray_0052_mask.png
/kaggle/input/solar-cells-processed/solar_cell_ver4_/train_split/train/gray_0108.jpg,/kaggle/input/solar-cells-processed/solar_cell_ver4_/train_split/train/gray_0108_mask.png
/kaggle/input/solar-cells-processed/solar_cell_ver4_/train_split/train/rgb_0037.jpg,/kaggle/input/solar-cells-processed/solar_cell_ver4_/train_split/train/rgb_0037_mask.png
/kaggle/input/solar-cells-processed/solar_cell_ver4_/train_split/train/gray_0098.jpg,/kaggle/input/solar-cells-processed/solar_cell_ver4_/train_split/train/gray_0098_mask.png
/kaggle/input/solar-cells-processed/solar_cell_ver4_/train_split/train/gray_0257.jpg,/kaggle/input/solar-cells-processed/solar_cell_ver4_/train_split/train/gray_0257_mask.png
/kaggle/input/solar-cells-processed/solar_cell_ver4_/train_split/train/gray_0186.jpg,/kaggle/input/solar-cells-processed/solar_cell_ver4_/train_split/train/gray_0186_mask.png
/kaggle/input/solar-cells-processed/solar_cell_ver4_/train_split/train/rgb_0018.jpg,/kaggle/input/solar-cells-processed/solar_cell_ver4_/train_split/train/rgb_0018_mask.png
/kaggle/input/solar-cells-processed/solar_cell_ver4_/train_split/train/gray_0199.jpg,/kaggle/input/solar-cells-processed/solar_cell_ver4_/train_split/train/gray_0199_mask.png
/kaggle/input/solar-cells-processed/solar_cell_ver4_/train_split/train/gray_0228.jpg,/kaggle/input/solar-cells-processed/solar_cell_ver4_/train_split/train/gray_0228_mask.png
/kaggle/input/solar-cells-processed/solar_cell_ver4_/train_split/train/gray_0075.jpg,/kaggle/input/solar-cells-processed/solar_cell_ver4_/train_split/train/gray_0075_mask.png
/kaggle/input/solar-cells-processed/solar_cell_ver4_/train_split/train/rgb_0002.jpg,/kaggle/input/solar-cells-processed/solar_cell_ver4_/train_split/train/rgb_0002_mask.png
/kaggle/input/solar-cells-processed/solar_cell_ver4_/train_split/train/gray_0065.jpg,/kaggle/input/solar-cells-processed/solar_cell_ver4_/train_split/train/gray_0065_mask.png
/kaggle/input/solar-cells-processed/solar_cell_ver4_/train_split/train/gray_0265.jpg,/kaggle/input/solar-cells-processed/solar_cell_ver4_/train_split/train/gray_0265_mask.png
/kaggle/input/solar-cells-processed/solar_cell_ver4_/train_split/train/gray_0204.jpg,/kaggle/input/solar-cells-processed/solar_cell_ver4_/train_split/train/gray_0204_mask.png
/kaggle/input/solar-cells-processed/solar_cell_ver4_/train_split/train/gray_0164.jpg,/kaggle/input/solar-cells-processed/solar_cell_ver4_/train_split/train/gray_0164_mask.png
/kaggle/input/solar-cells-processed/solar_cell_ver4_/train_split/train/gray_0139.jpg,/kaggle/input/solar-cells-processed/solar_cell_ver4_/train_split/train/gray_0139_mask.png
/kaggle/input/solar-cells-processed/solar_cell_ver4_/train_split/train/gray_0129.jpg,/kaggle/input/solar-cells-processed/solar_cell_ver4_/train_split/train/gray_0129_mask.png
/kaggle/input/solar-cells-processed/solar_cell_ver4_/train_split/train/gray_0177.jpg,/kaggle/input/solar-cells-processed/solar_cell_ver4_/train_split/train/gray_0177_mask.png
/kaggle/input/solar-cells-processed/solar_cell_ver4_/train_split/train/gray_0209.jpg,/kaggle/input/solar-cells-processed/solar_cell_ver4_/train_split/train/gray_0209_mask.png
/kaggle/input/solar-cells-processed/solar_cell_ver4_/train_split/train/gray_0142.jpg,/kaggle/input/solar-cells-processed/solar_cell_ver4_/train_split/train/gray_0142_mask.png
/kaggle/input/solar-cells-processed/solar_cell_ver4_/train_split/train/gray_0121.jpg,/kaggle/input/solar-cells-processed/solar_cell_ver4_/train_split/train/gray_0121_mask.png
/kaggle/input/solar-cells-processed/solar_cell_ver4_/train_split/train/gray_0202.jpg,/kaggle/input/solar-cells-processed/solar_cell_ver4_/train_split/train/gray_0202_mask.png
/kaggle/input/solar-cells-processed/solar_cell_ver4_/train_split/train/gray_0185.jpg,/kaggle/input/solar-cells-processed/solar_cell_ver4_/train_split/train/gray_0185_mask.png
/kaggle/input/solar-cells-processed/solar_cell_ver4_/train_split/train/gray_0009.jpg,/kaggle/input/solar-cells-processed/solar_cell_ver4_/train_split/train/gray_0009_mask.png
/kaggle/input/solar-cells-processed/solar_cell_ver4_/train_split/train/gray_0134.jpg,/kaggle/input/solar-cells-processed/solar_cell_ver4_/train_split/train/gray_0134_mask.png
/kaggle/input/solar-cells-processed/solar_cell_ver4_/train_split/train/rgb_0027.jpg,/kaggle/input/solar-cells-processed/solar_cell_ver4_/train_split/train/rgb_0027_mask.png
/kaggle/input/solar-cells-processed/solar_cell_ver4_/train_split/train/gray_0253.jpg,/kaggle/input/solar-cells-processed/solar_cell_ver4_/train_split/train/gray_0253_mask.png
