path,size
/kaggle/input/solar-cells-processed/solar_cell_ver4_/train_split/val/gray_0266.jpg,"(512, 512)"
/kaggle/input/solar-cells-processed/solar_cell_ver4_/train_split/val/rgb_0028.jpg,"(512, 512)"
/kaggle/input/solar-cells-processed/solar_cell_ver4_/train_split/val/gray_0117.jpg,"(512, 512)"
/kaggle/input/solar-cells-processed/solar_cell_ver4_/train_split/val/gray_0166_mask.png,"(512, 512)"
/kaggle/input/solar-cells-processed/solar_cell_ver4_/train_split/val/gray_0095_mask.png,"(512, 512)"
/kaggle/input/solar-cells-processed/solar_cell_ver4_/train_split/val/gray_0008.jpg,"(512, 512)"
/kaggle/input/solar-cells-processed/solar_cell_ver4_/train_split/val/gray_0102.jpg,"(512, 512)"
/kaggle/input/solar-cells-processed/solar_cell_ver4_/train_split/val/rgb_0012.jpg,"(512, 512)"
/kaggle/input/solar-cells-processed/solar_cell_ver4_/train_split/val/gray_0246.jpg,"(512, 512)"
/kaggle/input/solar-cells-processed/solar_cell_ver4_/train_split/val/gray_0105_mask.png,"(512, 512)"
/kaggle/input/solar-cells-processed/solar_cell_ver4_/train_split/val/gray_0017_mask.png,"(512, 512)"
/kaggle/input/solar-cells-processed/solar_cell_ver4_/train_split/val/gray_0210_mask.png,"(512, 512)"
/kaggle/input/solar-cells-processed/solar_cell_ver4_/train_split/val/gray_0127.jpg,"(512, 512)"
/kaggle/input/solar-cells-processed/solar_cell_ver4_/train_split/val/gray_0083.jpg,"(512, 512)"
/kaggle/input/solar-cells-processed/solar_cell_ver4_/train_split/val/gray_0176_mask.png,"(512, 512)"
/kaggle/input/solar-cells-processed/solar_cell_ver4_/train_split/val/gray_0210.jpg,"(512, 512)"
/kaggle/input/solar-cells-processed/solar_cell_ver4_/train_split/val/gray_0127_mask.png,"(512, 512)"
/kaggle/input/solar-cells-processed/solar_cell_ver4_/train_split/val/gray_0181_mask.png,"(512, 512)"
/kaggle/input/solar-cells-processed/solar_cell_ver4_/train_split/val/gray_0259_mask.png,"(512, 512)"
/kaggle/input/solar-cells-processed/solar_cell_ver4_/train_split/val/gray_0173_mask.png,"(512, 512)"
/kaggle/input/solar-cells-processed/solar_cell_ver4_/train_split/val/gray_0250.jpg,"(512, 512)"
/kaggle/input/solar-cells-processed/solar_cell_ver4_/train_split/val/gray_0267.jpg,"(512, 512)"
/kaggle/input/solar-cells-processed/solar_cell_ver4_/train_split/val/gray_0187.jpg,"(512, 512)"
/kaggle/input/solar-cells-processed/solar_cell_ver4_/train_split/val/rgb_0028_mask.png,"(512, 512)"
/kaggle/input/solar-cells-processed/solar_cell_ver4_/train_split/val/gray_0259.jpg,"(512, 512)"
/kaggle/input/solar-cells-processed/solar_cell_ver4_/train_split/val/rgb_0041_mask.png,"(512, 512)"
/kaggle/input/solar-cells-processed/solar_cell_ver4_/train_split/val/gray_0250_mask.png,"(512, 512)"
/kaggle/input/solar-cells-processed/solar_cell_ver4_/train_split/val/gray_0120.jpg,"(512, 512)"
/kaggle/input/solar-cells-processed/solar_cell_ver4_/train_split/val/gray_0056.jpg,"(512, 512)"
/kaggle/input/solar-cells-processed/solar_cell_ver4_/train_split/val/gray_0079.jpg,"(512, 512)"
/kaggle/input/solar-cells-processed/solar_cell_ver4_/train_split/val/gray_0174.jpg,"(512, 512)"
/kaggle/input/solar-cells-processed/solar_cell_ver4_/train_split/val/gray_0197_mask.png,"(512, 512)"
/kaggle/input/solar-cells-processed/solar_cell_ver4_/train_split/val/gray_0266_mask.png,"(512, 512)"
/kaggle/input/solar-cells-processed/solar_cell_ver4_/train_split/val/gray_0180.jpg,"(512, 512)"
/kaggle/input/solar-cells-processed/solar_cell_ver4_/train_split/val/gray_0145_mask.png,"(512, 512)"
/kaggle/input/solar-cells-processed/solar_cell_ver4_/train_split/val/gray_0180_mask.png,"(512, 512)"
/kaggle/input/solar-cells-processed/solar_cell_ver4_/train_split/val/rgb_0024.jpg,"(512, 512)"
/kaggle/input/solar-cells-processed/solar_cell_ver4_/train_split/val/rgb_0030_mask.png,"(512, 512)"
/kaggle/input/solar-cells-processed/solar_cell_ver4_/train_split/val/rgb_0032.jpg,"(512, 512)"
/kaggle/input/solar-cells-processed/solar_cell_ver4_/train_split/val/gray_0273.jpg,"(512, 512)"
/kaggle/input/solar-cells-processed/solar_cell_ver4_/train_split/val/gray_0046_mask.png,"(512, 512)"
/kaggle/input/solar-cells-processed/solar_cell_ver4_/train_split/val/rgb_0041.jpg,"(512, 512)"
/kaggle/input/solar-cells-processed/solar_cell_ver4_/train_split/val/gray_0043.jpg,"(512, 512)"
/kaggle/input/solar-cells-processed/solar_cell_ver4_/train_split/val/gray_0165.jpg,"(512, 512)"
/kaggle/input/solar-cells-processed/solar_cell_ver4_/train_split/val/gray_0133.jpg,"(512, 512)"
/kaggle/input/solar-cells-processed/solar_cell_ver4_/train_split/val/gray_0117_mask.png,"(512, 512)"
/kaggle/input/solar-cells-processed/solar_cell_ver4_/train_split/val/gray_0026_mask.png,"(512, 512)"
/kaggle/input/solar-cells-processed/solar_cell_ver4_/train_split/val/gray_0091.jpg,"(512, 512)"
/kaggle/input/solar-cells-processed/solar_cell_ver4_/train_split/val/gray_0187_mask.png,"(512, 512)"
/kaggle/input/solar-cells-processed/solar_cell_ver4_/train_split/val/gray_0095.jpg,"(512, 512)"
/kaggle/input/solar-cells-processed/solar_cell_ver4_/train_split/val/gray_0061.jpg,"(512, 512)"
/kaggle/input/solar-cells-processed/solar_cell_ver4_/train_split/val/gray_0010.jpg,"(512, 512)"
/kaggle/input/solar-cells-processed/solar_cell_ver4_/train_split/val/rgb_0024_mask.png,"(512, 512)"
/kaggle/input/solar-cells-processed/solar_cell_ver4_/train_split/val/rgb_0031_mask.png,"(512, 512)"
/kaggle/input/solar-cells-processed/solar_cell_ver4_/train_split/val/gray_0079_mask.png,"(512, 512)"
/kaggle/input/solar-cells-processed/solar_cell_ver4_/train_split/val/gray_0173.jpg,"(512, 512)"
/kaggle/input/solar-cells-processed/solar_cell_ver4_/train_split/val/rgb_0020_mask.png,"(512, 512)"
/kaggle/input/solar-cells-processed/solar_cell_ver4_/train_split/val/gray_0056_mask.png,"(512, 512)"
/kaggle/input/solar-cells-processed/solar_cell_ver4_/train_split/val/gray_0207.jpg,"(512, 512)"
/kaggle/input/solar-cells-processed/solar_cell_ver4_/train_split/val/gray_0267_mask.png,"(512, 512)"
/kaggle/input/solar-cells-processed/solar_cell_ver4_/train_split/val/gray_0125.jpg,"(512, 512)"
/kaggle/input/solar-cells-processed/solar_cell_ver4_/train_split/val/gray_0077.jpg,"(512, 512)"
/kaggle/input/solar-cells-processed/solar_cell_ver4_/train_split/val/gray_0120_mask.png,"(512, 512)"
/kaggle/input/solar-cells-processed/solar_cell_ver4_/train_split/val/rgb_0031.jpg,"(512, 512)"
/kaggle/input/solar-cells-processed/solar_cell_ver4_/train_split/val/gray_0058.jpg,"(512, 512)"
/kaggle/input/solar-cells-processed/solar_cell_ver4_/train_split/val/gray_0174_mask.png,"(512, 512)"
/kaggle/input/solar-cells-processed/solar_cell_ver4_/train_split/val/gray_0166.jpg,"(512, 512)"
/kaggle/input/solar-cells-processed/solar_cell_ver4_/train_split/val/gray_0227_mask.png,"(512, 512)"
/kaggle/input/solar-cells-processed/solar_cell_ver4_/train_split/val/gray_0220.jpg,"(512, 512)"
/kaggle/input/solar-cells-processed/solar_cell_ver4_/train_split/val/gray_0232.jpg,"(512, 512)"
/kaggle/input/solar-cells-processed/solar_cell_ver4_/train_split/val/gray_0078.jpg,"(512, 512)"
/kaggle/input/solar-cells-processed/solar_cell_ver4_/train_split/val/gray_0008_mask.png,"(512, 512)"
/kaggle/input/solar-cells-processed/solar_cell_ver4_/train_split/val/gray_0197.jpg,"(512, 512)"
/kaggle/input/solar-cells-processed/solar_cell_ver4_/train_split/val/gray_0105.jpg,"(512, 512)"
/kaggle/input/solar-cells-processed/solar_cell_ver4_/train_split/val/gray_0110_mask.png,"(512, 512)"
/kaggle/input/solar-cells-processed/solar_cell_ver4_/train_split/val/gray_0058_mask.png,"(512, 512)"
/kaggle/input/solar-cells-processed/solar_cell_ver4_/train_split/val/gray_0006.jpg,"(512, 512)"
/kaggle/input/solar-cells-processed/solar_cell_ver4_/train_split/val/gray_0034_mask.png,"(512, 512)"
/kaggle/input/solar-cells-processed/solar_cell_ver4_/train_split/val/gray_0047_mask.png,"(512, 512)"
/kaggle/input/solar-cells-processed/solar_cell_ver4_/train_split/val/gray_0176.jpg,"(512, 512)"
/kaggle/input/solar-cells-processed/solar_cell_ver4_/train_split/val/gray_0010_mask.png,"(512, 512)"
/kaggle/input/solar-cells-processed/solar_cell_ver4_/train_split/val/gray_0110.jpg,"(512, 512)"
/kaggle/input/solar-cells-processed/solar_cell_ver4_/train_split/val/gray_0232_mask.png,"(512, 512)"
/kaggle/input/solar-cells-processed/solar_cell_ver4_/train_split/val/gray_0207_mask.png,"(512, 512)"
/kaggle/input/solar-cells-processed/solar_cell_ver4_/train_split/val/gray_0094.jpg,"(512, 512)"
/kaggle/input/solar-cells-processed/solar_cell_ver4_/train_split/val/gray_0133_mask.png,"(512, 512)"
/kaggle/input/solar-cells-processed/solar_cell_ver4_/train_split/val/gray_0061_mask.png,"(512, 512)"
/kaggle/input/solar-cells-processed/solar_cell_ver4_/train_split/val/gray_0064_mask.png,"(512, 512)"
/kaggle/input/solar-cells-processed/solar_cell_ver4_/train_split/val/gray_0004_mask.png,"(512, 512)"
/kaggle/input/solar-cells-processed/solar_cell_ver4_/train_split/val/gray_0047.jpg,"(512, 512)"
/kaggle/input/solar-cells-processed/solar_cell_ver4_/train_split/val/gray_0109.jpg,"(512, 512)"
/kaggle/input/solar-cells-processed/solar_cell_ver4_/train_split/val/gray_0220_mask.png,"(512, 512)"
/kaggle/input/solar-cells-processed/solar_cell_ver4_/train_split/val/rgb_0020.jpg,"(512, 512)"
/kaggle/input/solar-cells-processed/solar_cell_ver4_/train_split/val/gray_0026.jpg,"(512, 512)"
/kaggle/input/solar-cells-processed/solar_cell_ver4_/train_split/val/gray_0034.jpg,"(512, 512)"
/kaggle/input/solar-cells-processed/solar_cell_ver4_/train_split/val/gray_0083_mask.png,"(512, 512)"
/kaggle/input/solar-cells-processed/solar_cell_ver4_/train_split/val/rgb_0032_mask.png,"(512, 512)"
/kaggle/input/solar-cells-processed/solar_cell_ver4_/train_split/val/gray_0077_mask.png,"(512, 512)"
/kaggle/input/solar-cells-processed/solar_cell_ver4_/train_split/val/gray_0064.jpg,"(512, 512)"
/kaggle/input/solar-cells-processed/solar_cell_ver4_/train_split/val/gray_0043_mask.png,"(512, 512)"
/kaggle/input/solar-cells-processed/solar_cell_ver4_/train_split/val/gray_0138.jpg,"(512, 512)"
/kaggle/input/solar-cells-processed/solar_cell_ver4_/train_split/val/gray_0165_mask.png,"(512, 512)"
/kaggle/input/solar-cells-processed/solar_cell_ver4_/train_split/val/gray_0076_mask.png,"(512, 512)"
/kaggle/input/solar-cells-processed/solar_cell_ver4_/train_split/val/gray_0158_mask.png,"(512, 512)"
/kaggle/input/solar-cells-processed/solar_cell_ver4_/train_split/val/rgb_0030.jpg,"(512, 512)"
/kaggle/input/solar-cells-processed/solar_cell_ver4_/train_split/val/gray_0102_mask.png,"(512, 512)"
/kaggle/input/solar-cells-processed/solar_cell_ver4_/train_split/val/gray_0178.jpg,"(512, 512)"
/kaggle/input/solar-cells-processed/solar_cell_ver4_/train_split/val/gray_0091_mask.png,"(512, 512)"
/kaggle/input/solar-cells-processed/solar_cell_ver4_/train_split/val/gray_0125_mask.png,"(512, 512)"
/kaggle/input/solar-cells-processed/solar_cell_ver4_/train_split/val/gray_0178_mask.png,"(512, 512)"
/kaggle/input/solar-cells-processed/solar_cell_ver4_/train_split/val/rgb_0016_mask.png,"(512, 512)"
/kaggle/input/solar-cells-processed/solar_cell_ver4_/train_split/val/rgb_0012_mask.png,"(512, 512)"
/kaggle/input/solar-cells-processed/solar_cell_ver4_/train_split/val/gray_0004.jpg,"(512, 512)"
/kaggle/input/solar-cells-processed/solar_cell_ver4_/train_split/val/gray_0076.jpg,"(512, 512)"
/kaggle/input/solar-cells-processed/solar_cell_ver4_/train_split/val/gray_0246_mask.png,"(512, 512)"
/kaggle/input/solar-cells-processed/solar_cell_ver4_/train_split/val/gray_0109_mask.png,"(512, 512)"
/kaggle/input/solar-cells-processed/solar_cell_ver4_/train_split/val/gray_0078_mask.png,"(512, 512)"
/kaggle/input/solar-cells-processed/solar_cell_ver4_/train_split/val/gray_0158.jpg,"(512, 512)"
/kaggle/input/solar-cells-processed/solar_cell_ver4_/train_split/val/gray_0273_mask.png,"(512, 512)"
/kaggle/input/solar-cells-processed/solar_cell_ver4_/train_split/val/rgb_0047.jpg,"(512, 512)"
/kaggle/input/solar-cells-processed/solar_cell_ver4_/train_split/val/gray_0227.jpg,"(512, 512)"
/kaggle/input/solar-cells-processed/solar_cell_ver4_/train_split/val/gray_0046.jpg,"(512, 512)"
/kaggle/input/solar-cells-processed/solar_cell_ver4_/train_split/val/gray_0094_mask.png,"(512, 512)"
/kaggle/input/solar-cells-processed/solar_cell_ver4_/train_split/val/gray_0181.jpg,"(512, 512)"
/kaggle/input/solar-cells-processed/solar_cell_ver4_/train_split/val/gray_0006_mask.png,"(512, 512)"
/kaggle/input/solar-cells-processed/solar_cell_ver4_/train_split/val/gray_0138_mask.png,"(512, 512)"
/kaggle/input/solar-cells-processed/solar_cell_ver4_/train_split/val/gray_0017.jpg,"(512, 512)"
/kaggle/input/solar-cells-processed/solar_cell_ver4_/train_split/val/rgb_0016.jpg,"(512, 512)"
/kaggle/input/solar-cells-processed/solar_cell_ver4_/train_split/val/rgb_0047_mask.png,"(512, 512)"
/kaggle/input/solar-cells-processed/solar_cell_ver4_/train_split/val/gray_0145.jpg,"(512, 512)"
/kaggle/input/solar-cells-processed/solar_cell_ver4_/train_split/train/gray_0216_mask.png,"(512, 512)"
/kaggle/input/solar-cells-processed/solar_cell_ver4_/train_split/train/gray_0030.jpg,"(512, 512)"
/kaggle/input/solar-cells-processed/solar_cell_ver4_/train_split/train/gray_0201.jpg,"(512, 512)"
/kaggle/input/solar-cells-processed/solar_cell_ver4_/train_split/train/gray_0212.jpg,"(512, 512)"
/kaggle/input/solar-cells-processed/solar_cell_ver4_/train_split/train/gray_0179_mask.png,"(512, 512)"
/kaggle/input/solar-cells-processed/solar_cell_ver4_/train_split/train/gray_0148.jpg,"(512, 512)"
/kaggle/input/solar-cells-processed/solar_cell_ver4_/train_split/train/rgb_0022_mask.png,"(512, 512)"
/kaggle/input/solar-cells-processed/solar_cell_ver4_/train_split/train/gray_0169_mask.png,"(512, 512)"
/kaggle/input/solar-cells-processed/solar_cell_ver4_/train_split/train/gray_0016_mask.png,"(512, 512)"
/kaggle/input/solar-cells-processed/solar_cell_ver4_/train_split/train/rgb_0025.jpg,"(512, 512)"
/kaggle/input/solar-cells-processed/solar_cell_ver4_/train_split/train/gray_0208_mask.png,"(512, 512)"
/kaggle/input/solar-cells-processed/solar_cell_ver4_/train_split/train/gray_0033_mask.png,"(512, 512)"
/kaggle/input/solar-cells-processed/solar_cell_ver4_/train_split/train/gray_0135_mask.png,"(512, 512)"
/kaggle/input/solar-cells-processed/solar_cell_ver4_/train_split/train/gray_0236_mask.png,"(512, 512)"
/kaggle/input/solar-cells-processed/solar_cell_ver4_/train_split/train/rgb_0023_mask.png,"(512, 512)"
/kaggle/input/solar-cells-processed/solar_cell_ver4_/train_split/train/gray_0068.jpg,"(512, 512)"
/kaggle/input/solar-cells-processed/solar_cell_ver4_/train_split/train/gray_0107.jpg,"(512, 512)"
/kaggle/input/solar-cells-processed/solar_cell_ver4_/train_split/train/gray_0131_mask.png,"(512, 512)"
/kaggle/input/solar-cells-processed/solar_cell_ver4_/train_split/train/gray_0237.jpg,"(512, 512)"
/kaggle/input/solar-cells-processed/solar_cell_ver4_/train_split/train/gray_0206.jpg,"(512, 512)"
/kaggle/input/solar-cells-processed/solar_cell_ver4_/train_split/train/gray_0170.jpg,"(512, 512)"
/kaggle/input/solar-cells-processed/solar_cell_ver4_/train_split/train/gray_0146.jpg,"(512, 512)"
/kaggle/input/solar-cells-processed/solar_cell_ver4_/train_split/train/gray_0190_mask.png,"(512, 512)"
/kaggle/input/solar-cells-processed/solar_cell_ver4_/train_split/train/gray_0216.jpg,"(512, 512)"
/kaggle/input/solar-cells-processed/solar_cell_ver4_/train_split/train/gray_0200_mask.png,"(512, 512)"
/kaggle/input/solar-cells-processed/solar_cell_ver4_/train_split/train/gray_0024.jpg,"(512, 512)"
/kaggle/input/solar-cells-processed/solar_cell_ver4_/train_split/train/gray_0171_mask.png,"(512, 512)"
/kaggle/input/solar-cells-processed/solar_cell_ver4_/train_split/train/gray_0107_mask.png,"(512, 512)"
/kaggle/input/solar-cells-processed/solar_cell_ver4_/train_split/train/gray_0003_mask.png,"(512, 512)"
/kaggle/input/solar-cells-processed/solar_cell_ver4_/train_split/train/gray_0013_mask.png,"(512, 512)"
/kaggle/input/solar-cells-processed/solar_cell_ver4_/train_split/train/gray_0025.jpg,"(512, 512)"
/kaggle/input/solar-cells-processed/solar_cell_ver4_/train_split/train/gray_0039_mask.png,"(512, 512)"
/kaggle/input/solar-cells-processed/solar_cell_ver4_/train_split/train/rgb_0019.jpg,"(512, 512)"
/kaggle/input/solar-cells-processed/solar_cell_ver4_/train_split/train/rgb_0010_mask.png,"(512, 512)"
/kaggle/input/solar-cells-processed/solar_cell_ver4_/train_split/train/gray_0124.jpg,"(512, 512)"
/kaggle/input/solar-cells-processed/solar_cell_ver4_/train_split/train/gray_0131.jpg,"(512, 512)"
/kaggle/input/solar-cells-processed/solar_cell_ver4_/train_split/train/rgb_0026.jpg,"(512, 512)"
/kaggle/input/solar-cells-processed/solar_cell_ver4_/train_split/train/gray_0085.jpg,"(512, 512)"
/kaggle/input/solar-cells-processed/solar_cell_ver4_/train_split/train/gray_0230.jpg,"(512, 512)"
/kaggle/input/solar-cells-processed/solar_cell_ver4_/train_split/train/gray_0122.jpg,"(512, 512)"
/kaggle/input/solar-cells-processed/solar_cell_ver4_/train_split/train/gray_0048.jpg,"(512, 512)"
/kaggle/input/solar-cells-processed/solar_cell_ver4_/train_split/train/gray_0071.jpg,"(512, 512)"
/kaggle/input/solar-cells-processed/solar_cell_ver4_/train_split/train/rgb_0009.jpg,"(512, 512)"
/kaggle/input/solar-cells-processed/solar_cell_ver4_/train_split/train/gray_0231_mask.png,"(512, 512)"
/kaggle/input/solar-cells-processed/solar_cell_ver4_/train_split/train/gray_0054_mask.png,"(512, 512)"
/kaggle/input/solar-cells-processed/solar_cell_ver4_/train_split/train/gray_0065_mask.png,"(512, 512)"
/kaggle/input/solar-cells-processed/solar_cell_ver4_/train_split/train/gray_0258.jpg,"(512, 512)"
/kaggle/input/solar-cells-processed/solar_cell_ver4_/train_split/train/gray_0264.jpg,"(512, 512)"
/kaggle/input/solar-cells-processed/solar_cell_ver4_/train_split/train/rgb_0005.jpg,"(512, 512)"
/kaggle/input/solar-cells-processed/solar_cell_ver4_/train_split/train/gray_0240_mask.png,"(512, 512)"
/kaggle/input/solar-cells-processed/solar_cell_ver4_/train_split/train/gray_0101.jpg,"(512, 512)"
/kaggle/input/solar-cells-processed/solar_cell_ver4_/train_split/train/gray_0013.jpg,"(512, 512)"
/kaggle/input/solar-cells-processed/solar_cell_ver4_/train_split/train/gray_0144_mask.png,"(512, 512)"
/kaggle/input/solar-cells-processed/solar_cell_ver4_/train_split/train/gray_0162_mask.png,"(512, 512)"
/kaggle/input/solar-cells-processed/solar_cell_ver4_/train_split/train/gray_0090.jpg,"(512, 512)"
/kaggle/input/solar-cells-processed/solar_cell_ver4_/train_split/train/gray_0172.jpg,"(512, 512)"
/kaggle/input/solar-cells-processed/solar_cell_ver4_/train_split/train/rgb_0009_mask.png,"(512, 512)"
/kaggle/input/solar-cells-processed/solar_cell_ver4_/train_split/train/gray_0134_mask.png,"(512, 512)"
/kaggle/input/solar-cells-processed/solar_cell_ver4_/train_split/train/gray_0235_mask.png,"(512, 512)"
/kaggle/input/solar-cells-processed/solar_cell_ver4_/train_split/train/gray_0002.jpg,"(512, 512)"
/kaggle/input/solar-cells-processed/solar_cell_ver4_/train_split/train/gray_0087_mask.png,"(512, 512)"
/kaggle/input/solar-cells-processed/solar_cell_ver4_/train_split/train/gray_0087.jpg,"(512, 512)"
/kaggle/input/solar-cells-processed/solar_cell_ver4_/train_split/train/rgb_0015_mask.png,"(512, 512)"
/kaggle/input/solar-cells-processed/solar_cell_ver4_/train_split/train/gray_0055_mask.png,"(512, 512)"
/kaggle/input/solar-cells-processed/solar_cell_ver4_/train_split/train/gray_0251_mask.png,"(512, 512)"
/kaggle/input/solar-cells-processed/solar_cell_ver4_/train_split/train/rgb_0022.jpg,"(512, 512)"
/kaggle/input/solar-cells-processed/solar_cell_ver4_/train_split/train/gray_0103.jpg,"(512, 512)"
/kaggle/input/solar-cells-processed/solar_cell_ver4_/train_split/train/gray_0195.jpg,"(512, 512)"
/kaggle/input/solar-cells-processed/solar_cell_ver4_/train_split/train/gray_0213.jpg,"(512, 512)"
/kaggle/input/solar-cells-processed/solar_cell_ver4_/train_split/train/gray_0170_mask.png,"(512, 512)"
/kaggle/input/solar-cells-processed/solar_cell_ver4_/train_split/train/gray_0137.jpg,"(512, 512)"
/kaggle/input/solar-cells-processed/solar_cell_ver4_/train_split/train/gray_0093_mask.png,"(512, 512)"
/kaggle/input/solar-cells-processed/solar_cell_ver4_/train_split/train/gray_0126_mask.png,"(512, 512)"
/kaggle/input/solar-cells-processed/solar_cell_ver4_/train_split/train/gray_0066.jpg,"(512, 512)"
/kaggle/input/solar-cells-processed/solar_cell_ver4_/train_split/train/gray_0036_mask.png,"(512, 512)"
/kaggle/input/solar-cells-processed/solar_cell_ver4_/train_split/train/gray_0255.jpg,"(512, 512)"
/kaggle/input/solar-cells-processed/solar_cell_ver4_/train_split/train/gray_0208.jpg,"(512, 512)"
/kaggle/input/solar-cells-processed/solar_cell_ver4_/train_split/train/gray_0254_mask.png,"(512, 512)"
/kaggle/input/solar-cells-processed/solar_cell_ver4_/train_split/train/gray_0099.jpg,"(512, 512)"
/kaggle/input/solar-cells-processed/solar_cell_ver4_/train_split/train/gray_0244.jpg,"(512, 512)"
/kaggle/input/solar-cells-processed/solar_cell_ver4_/train_split/train/gray_0028.jpg,"(512, 512)"
/kaggle/input/solar-cells-processed/solar_cell_ver4_/train_split/train/gray_0193_mask.png,"(512, 512)"
/kaggle/input/solar-cells-processed/solar_cell_ver4_/train_split/train/gray_0059.jpg,"(512, 512)"
/kaggle/input/solar-cells-processed/solar_cell_ver4_/train_split/train/rgb_0034.jpg,"(512, 512)"
/kaggle/input/solar-cells-processed/solar_cell_ver4_/train_split/train/gray_0247.jpg,"(512, 512)"
/kaggle/input/solar-cells-processed/solar_cell_ver4_/train_split/train/rgb_0023.jpg,"(512, 512)"
/kaggle/input/solar-cells-processed/solar_cell_ver4_/train_split/train/gray_0086.jpg,"(512, 512)"
/kaggle/input/solar-cells-processed/solar_cell_ver4_/train_split/train/gray_0142_mask.png,"(512, 512)"
/kaggle/input/solar-cells-processed/solar_cell_ver4_/train_split/train/gray_0116.jpg,"(512, 512)"
/kaggle/input/solar-cells-processed/solar_cell_ver4_/train_split/train/gray_0156.jpg,"(512, 512)"
/kaggle/input/solar-cells-processed/solar_cell_ver4_/train_split/train/gray_0255_mask.png,"(512, 512)"
/kaggle/input/solar-cells-processed/solar_cell_ver4_/train_split/train/gray_0268_mask.png,"(512, 512)"
/kaggle/input/solar-cells-processed/solar_cell_ver4_/train_split/train/gray_0188.jpg,"(512, 512)"
/kaggle/input/solar-cells-processed/solar_cell_ver4_/train_split/train/gray_0151.jpg,"(512, 512)"
/kaggle/input/solar-cells-processed/solar_cell_ver4_/train_split/train/gray_0033.jpg,"(512, 512)"
/kaggle/input/solar-cells-processed/solar_cell_ver4_/train_split/train/gray_0248.jpg,"(512, 512)"
/kaggle/input/solar-cells-processed/solar_cell_ver4_/train_split/train/gray_0159_mask.png,"(512, 512)"
/kaggle/input/solar-cells-processed/solar_cell_ver4_/train_split/train/gray_0185_mask.png,"(512, 512)"
/kaggle/input/solar-cells-processed/solar_cell_ver4_/train_split/train/rgb_0035_mask.png,"(512, 512)"
/kaggle/input/solar-cells-processed/solar_cell_ver4_/train_split/train/gray_0253_mask.png,"(512, 512)"
/kaggle/input/solar-cells-processed/solar_cell_ver4_/train_split/train/gray_0042.jpg,"(512, 512)"
/kaggle/input/solar-cells-processed/solar_cell_ver4_/train_split/train/gray_0260_mask.png,"(512, 512)"
/kaggle/input/solar-cells-processed/solar_cell_ver4_/train_split/train/gray_0038.jpg,"(512, 512)"
/kaggle/input/solar-cells-processed/solar_cell_ver4_/train_split/train/gray_0141.jpg,"(512, 512)"
/kaggle/input/solar-cells-processed/solar_cell_ver4_/train_split/train/gray_0148_mask.png,"(512, 512)"
/kaggle/input/solar-cells-processed/solar_cell_ver4_/train_split/train/gray_0022.jpg,"(512, 512)"
/kaggle/input/solar-cells-processed/solar_cell_ver4_/train_split/train/gray_0190.jpg,"(512, 512)"
/kaggle/input/solar-cells-processed/solar_cell_ver4_/train_split/train/gray_0245.jpg,"(512, 512)"
/kaggle/input/solar-cells-processed/solar_cell_ver4_/train_split/train/gray_0261_mask.png,"(512, 512)"
/kaggle/input/solar-cells-processed/solar_cell_ver4_/train_split/train/gray_0049.jpg,"(512, 512)"
/kaggle/input/solar-cells-processed/solar_cell_ver4_/train_split/train/gray_0237_mask.png,"(512, 512)"
/kaggle/input/solar-cells-processed/solar_cell_ver4_/train_split/train/rgb_0017.jpg,"(512, 512)"
/kaggle/input/solar-cells-processed/solar_cell_ver4_/train_split/train/rgb_0010.jpg,"(512, 512)"
/kaggle/input/solar-cells-processed/solar_cell_ver4_/train_split/train/gray_0098_mask.png,"(512, 512)"
/kaggle/input/solar-cells-processed/solar_cell_ver4_/train_split/train/gray_0184_mask.png,"(512, 512)"
/kaggle/input/solar-cells-processed/solar_cell_ver4_/train_split/train/gray_0024_mask.png,"(512, 512)"
/kaggle/input/solar-cells-processed/solar_cell_ver4_/train_split/train/gray_0167_mask.png,"(512, 512)"
/kaggle/input/solar-cells-processed/solar_cell_ver4_/train_split/train/gray_0256.jpg,"(512, 512)"
/kaggle/input/solar-cells-processed/solar_cell_ver4_/train_split/train/gray_0150.jpg,"(512, 512)"
/kaggle/input/solar-cells-processed/solar_cell_ver4_/train_split/train/gray_0241.jpg,"(512, 512)"
/kaggle/input/solar-cells-processed/solar_cell_ver4_/train_split/train/gray_0126.jpg,"(512, 512)"
/kaggle/input/solar-cells-processed/solar_cell_ver4_/train_split/train/rgb_0042.jpg,"(512, 512)"
/kaggle/input/solar-cells-processed/solar_cell_ver4_/train_split/train/gray_0196.jpg,"(512, 512)"
/kaggle/input/solar-cells-processed/solar_cell_ver4_/train_split/train/gray_0221_mask.png,"(512, 512)"
/kaggle/input/solar-cells-processed/solar_cell_ver4_/train_split/train/gray_0164_mask.png,"(512, 512)"
/kaggle/input/solar-cells-processed/solar_cell_ver4_/train_split/train/gray_0069.jpg,"(512, 512)"
/kaggle/input/solar-cells-processed/solar_cell_ver4_/train_split/train/rgb_0043.jpg,"(512, 512)"
/kaggle/input/solar-cells-processed/solar_cell_ver4_/train_split/train/gray_0051.jpg,"(512, 512)"
/kaggle/input/solar-cells-processed/solar_cell_ver4_/train_split/train/gray_0184.jpg,"(512, 512)"
/kaggle/input/solar-cells-processed/solar_cell_ver4_/train_split/train/gray_0080_mask.png,"(512, 512)"
/kaggle/input/solar-cells-processed/solar_cell_ver4_/train_split/train/gray_0036.jpg,"(512, 512)"
/kaggle/input/solar-cells-processed/solar_cell_ver4_/train_split/train/gray_0053_mask.png,"(512, 512)"
/kaggle/input/solar-cells-processed/solar_cell_ver4_/train_split/train/gray_0242_mask.png,"(512, 512)"
/kaggle/input/solar-cells-processed/solar_cell_ver4_/train_split/train/gray_0128.jpg,"(512, 512)"
/kaggle/input/solar-cells-processed/solar_cell_ver4_/train_split/train/rgb_0027_mask.png,"(512, 512)"
/kaggle/input/solar-cells-processed/solar_cell_ver4_/train_split/train/gray_0072_mask.png,"(512, 512)"
/kaggle/input/solar-cells-processed/solar_cell_ver4_/train_split/train/gray_0219_mask.png,"(512, 512)"
/kaggle/input/solar-cells-processed/solar_cell_ver4_/train_split/train/gray_0179.jpg,"(512, 512)"
/kaggle/input/solar-cells-processed/solar_cell_ver4_/train_split/train/gray_0228_mask.png,"(512, 512)"
/kaggle/input/solar-cells-processed/solar_cell_ver4_/train_split/train/gray_0016.jpg,"(512, 512)"
/kaggle/input/solar-cells-processed/solar_cell_ver4_/train_split/train/gray_0263_mask.png,"(512, 512)"
/kaggle/input/solar-cells-processed/solar_cell_ver4_/train_split/train/gray_0044.jpg,"(512, 512)"
/kaggle/input/solar-cells-processed/solar_cell_ver4_/train_split/train/gray_0031.jpg,"(512, 512)"
/kaggle/input/solar-cells-processed/solar_cell_ver4_/train_split/train/gray_0231.jpg,"(512, 512)"
/kaggle/input/solar-cells-processed/solar_cell_ver4_/train_split/train/gray_0238.jpg,"(512, 512)"
/kaggle/input/solar-cells-processed/solar_cell_ver4_/train_split/train/gray_0244_mask.png,"(512, 512)"
/kaggle/input/solar-cells-processed/solar_cell_ver4_/train_split/train/gray_0169.jpg,"(512, 512)"
/kaggle/input/solar-cells-processed/solar_cell_ver4_/train_split/train/gray_0130.jpg,"(512, 512)"
/kaggle/input/solar-cells-processed/solar_cell_ver4_/train_split/train/gray_0074_mask.png,"(512, 512)"
/kaggle/input/solar-cells-processed/solar_cell_ver4_/train_split/train/rgb_0046_mask.png,"(512, 512)"
/kaggle/input/solar-cells-processed/solar_cell_ver4_/train_split/train/gray_0272.jpg,"(512, 512)"
/kaggle/input/solar-cells-processed/solar_cell_ver4_/train_split/train/gray_0217_mask.png,"(512, 512)"
/kaggle/input/solar-cells-processed/solar_cell_ver4_/train_split/train/gray_0054.jpg,"(512, 512)"
/kaggle/input/solar-cells-processed/solar_cell_ver4_/train_split/train/gray_0204_mask.png,"(512, 512)"
/kaggle/input/solar-cells-processed/solar_cell_ver4_/train_split/train/rgb_0034_mask.png,"(512, 512)"
/kaggle/input/solar-cells-processed/solar_cell_ver4_/train_split/train/gray_0175.jpg,"(512, 512)"
/kaggle/input/solar-cells-processed/solar_cell_ver4_/train_split/train/gray_0194.jpg,"(512, 512)"
/kaggle/input/solar-cells-processed/solar_cell_ver4_/train_split/train/gray_0106_mask.png,"(512, 512)"
/kaggle/input/solar-cells-processed/solar_cell_ver4_/train_split/train/gray_0167.jpg,"(512, 512)"
/kaggle/input/solar-cells-processed/solar_cell_ver4_/train_split/train/rgb_0014_mask.png,"(512, 512)"
/kaggle/input/solar-cells-processed/solar_cell_ver4_/train_split/train/rgb_0021.jpg,"(512, 512)"
/kaggle/input/solar-cells-processed/solar_cell_ver4_/train_split/train/rgb_0006_mask.png,"(512, 512)"
/kaggle/input/solar-cells-processed/solar_cell_ver4_/train_split/train/gray_0206_mask.png,"(512, 512)"
/kaggle/input/solar-cells-processed/solar_cell_ver4_/train_split/train/gray_0080.jpg,"(512, 512)"
/kaggle/input/solar-cells-processed/solar_cell_ver4_/train_split/train/gray_0082.jpg,"(512, 512)"
/kaggle/input/solar-cells-processed/solar_cell_ver4_/train_split/train/gray_0201_mask.png,"(512, 512)"
/kaggle/input/solar-cells-processed/solar_cell_ver4_/train_split/train/gray_0256_mask.png,"(512, 512)"
/kaggle/input/solar-cells-processed/solar_cell_ver4_/train_split/train/gray_0092.jpg,"(512, 512)"
/kaggle/input/solar-cells-processed/solar_cell_ver4_/train_split/train/gray_0150_mask.png,"(512, 512)"
/kaggle/input/solar-cells-processed/solar_cell_ver4_/train_split/train/gray_0023.jpg,"(512, 512)"
/kaggle/input/solar-cells-processed/solar_cell_ver4_/train_split/train/gray_0051_mask.png,"(512, 512)"
/kaggle/input/solar-cells-processed/solar_cell_ver4_/train_split/train/gray_0118.jpg,"(512, 512)"
/kaggle/input/solar-cells-processed/solar_cell_ver4_/train_split/train/gray_0096_mask.png,"(512, 512)"
/kaggle/input/solar-cells-processed/solar_cell_ver4_/train_split/train/gray_0159.jpg,"(512, 512)"
/kaggle/input/solar-cells-processed/solar_cell_ver4_/train_split/train/gray_0192_mask.png,"(512, 512)"
/kaggle/input/solar-cells-processed/solar_cell_ver4_/train_split/train/gray_0223.jpg,"(512, 512)"
/kaggle/input/solar-cells-processed/solar_cell_ver4_/train_split/train/gray_0151_mask.png,"(512, 512)"
/kaggle/input/solar-cells-processed/solar_cell_ver4_/train_split/train/gray_0203_mask.png,"(512, 512)"
/kaggle/input/solar-cells-processed/solar_cell_ver4_/train_split/train/rgb_0029_mask.png,"(512, 512)"
/kaggle/input/solar-cells-processed/solar_cell_ver4_/train_split/train/gray_0050.jpg,"(512, 512)"
/kaggle/input/solar-cells-processed/solar_cell_ver4_/train_split/train/gray_0020.jpg,"(512, 512)"
/kaggle/input/solar-cells-processed/solar_cell_ver4_/train_split/train/gray_0213_mask.png,"(512, 512)"
/kaggle/input/solar-cells-processed/solar_cell_ver4_/train_split/train/gray_0239.jpg,"(512, 512)"
/kaggle/input/solar-cells-processed/solar_cell_ver4_/train_split/train/gray_0141_mask.png,"(512, 512)"
/kaggle/input/solar-cells-processed/solar_cell_ver4_/train_split/train/gray_0057.jpg,"(512, 512)"
/kaggle/input/solar-cells-processed/solar_cell_ver4_/train_split/train/gray_0224_mask.png,"(512, 512)"
/kaggle/input/solar-cells-processed/solar_cell_ver4_/train_split/train/gray_0214.jpg,"(512, 512)"
/kaggle/input/solar-cells-processed/solar_cell_ver4_/train_split/train/gray_0254.jpg,"(512, 512)"
/kaggle/input/solar-cells-processed/solar_cell_ver4_/train_split/train/gray_0035_mask.png,"(512, 512)"
/kaggle/input/solar-cells-processed/solar_cell_ver4_/train_split/train/gray_0183_mask.png,"(512, 512)"
/kaggle/input/solar-cells-processed/solar_cell_ver4_/train_split/train/gray_0149.jpg,"(512, 512)"
/kaggle/input/solar-cells-processed/solar_cell_ver4_/train_split/train/gray_0018.jpg,"(512, 512)"
/kaggle/input/solar-cells-processed/solar_cell_ver4_/train_split/train/gray_0037_mask.png,"(512, 512)"
/kaggle/input/solar-cells-processed/solar_cell_ver4_/train_split/train/gray_0001.jpg,"(512, 512)"
/kaggle/input/solar-cells-processed/solar_cell_ver4_/train_split/train/gray_0188_mask.png,"(512, 512)"
/kaggle/input/solar-cells-processed/solar_cell_ver4_/train_split/train/gray_0053.jpg,"(512, 512)"
/kaggle/input/solar-cells-processed/solar_cell_ver4_/train_split/train/gray_0084_mask.png,"(512, 512)"
/kaggle/input/solar-cells-processed/solar_cell_ver4_/train_split/train/rgb_0033.jpg,"(512, 512)"
/kaggle/input/solar-cells-processed/solar_cell_ver4_/train_split/train/gray_0249.jpg,"(512, 512)"
/kaggle/input/solar-cells-processed/solar_cell_ver4_/train_split/train/gray_0171.jpg,"(512, 512)"
/kaggle/input/solar-cells-processed/solar_cell_ver4_/train_split/train/rgb_0048_mask.png,"(512, 512)"
/kaggle/input/solar-cells-processed/solar_cell_ver4_/train_split/train/gray_0136.jpg,"(512, 512)"
/kaggle/input/solar-cells-processed/solar_cell_ver4_/train_split/train/rgb_0033_mask.png,"(512, 512)"
/kaggle/input/solar-cells-processed/solar_cell_ver4_/train_split/train/gray_0037.jpg,"(512, 512)"
/kaggle/input/solar-cells-processed/solar_cell_ver4_/train_split/train/gray_0100_mask.png,"(512, 512)"
/kaggle/input/solar-cells-processed/solar_cell_ver4_/train_split/train/gray_0229.jpg,"(512, 512)"
/kaggle/input/solar-cells-processed/solar_cell_ver4_/train_split/train/gray_0262.jpg,"(512, 512)"
/kaggle/input/solar-cells-processed/solar_cell_ver4_/train_split/train/gray_0096.jpg,"(512, 512)"
/kaggle/input/solar-cells-processed/solar_cell_ver4_/train_split/train/gray_0041.jpg,"(512, 512)"
/kaggle/input/solar-cells-processed/solar_cell_ver4_/train_split/train/gray_0183.jpg,"(512, 512)"
/kaggle/input/solar-cells-processed/solar_cell_ver4_/train_split/train/gray_0044_mask.png,"(512, 512)"
/kaggle/input/solar-cells-processed/solar_cell_ver4_/train_split/train/gray_0257_mask.png,"(512, 512)"
/kaggle/input/solar-cells-processed/solar_cell_ver4_/train_split/train/gray_0113.jpg,"(512, 512)"
/kaggle/input/solar-cells-processed/solar_cell_ver4_/train_split/train/gray_0055.jpg,"(512, 512)"
/kaggle/input/solar-cells-processed/solar_cell_ver4_/train_split/train/gray_0084.jpg,"(512, 512)"
/kaggle/input/solar-cells-processed/solar_cell_ver4_/train_split/train/gray_0226_mask.png,"(512, 512)"
/kaggle/input/solar-cells-processed/solar_cell_ver4_/train_split/train/gray_0224.jpg,"(512, 512)"
/kaggle/input/solar-cells-processed/solar_cell_ver4_/train_split/train/gray_0062_mask.png,"(512, 512)"
/kaggle/input/solar-cells-processed/solar_cell_ver4_/train_split/train/rgb_0040_mask.png,"(512, 512)"
/kaggle/input/solar-cells-processed/solar_cell_ver4_/train_split/train/gray_0234.jpg,"(512, 512)"
/kaggle/input/solar-cells-processed/solar_cell_ver4_/train_split/train/gray_0003.jpg,"(512, 512)"
/kaggle/input/solar-cells-processed/solar_cell_ver4_/train_split/train/gray_0146_mask.png,"(512, 512)"
/kaggle/input/solar-cells-processed/solar_cell_ver4_/train_split/train/gray_0112.jpg,"(512, 512)"
/kaggle/input/solar-cells-processed/solar_cell_ver4_/train_split/train/gray_0050_mask.png,"(512, 512)"
/kaggle/input/solar-cells-processed/solar_cell_ver4_/train_split/train/gray_0128_mask.png,"(512, 512)"
/kaggle/input/solar-cells-processed/solar_cell_ver4_/train_split/train/gray_0269.jpg,"(512, 512)"
/kaggle/input/solar-cells-processed/solar_cell_ver4_/train_split/train/gray_0049_mask.png,"(512, 512)"
/kaggle/input/solar-cells-processed/solar_cell_ver4_/train_split/train/gray_0152_mask.png,"(512, 512)"
/kaggle/input/solar-cells-processed/solar_cell_ver4_/train_split/train/gray_0147_mask.png,"(512, 512)"
/kaggle/input/solar-cells-processed/solar_cell_ver4_/train_split/train/gray_0252.jpg,"(512, 512)"
/kaggle/input/solar-cells-processed/solar_cell_ver4_/train_split/train/rgb_0018_mask.png,"(512, 512)"
/kaggle/input/solar-cells-processed/solar_cell_ver4_/train_split/train/rgb_0029.jpg,"(512, 512)"
/kaggle/input/solar-cells-processed/solar_cell_ver4_/train_split/train/gray_0048_mask.png,"(512, 512)"
/kaggle/input/solar-cells-processed/solar_cell_ver4_/train_split/train/gray_0032.jpg,"(512, 512)"
/kaggle/input/solar-cells-processed/solar_cell_ver4_/train_split/train/gray_0205.jpg,"(512, 512)"
/kaggle/input/solar-cells-processed/solar_cell_ver4_/train_split/train/gray_0073.jpg,"(512, 512)"
/kaggle/input/solar-cells-processed/solar_cell_ver4_/train_split/train/gray_0067_mask.png,"(512, 512)"
/kaggle/input/solar-cells-processed/solar_cell_ver4_/train_split/train/gray_0194_mask.png,"(512, 512)"
/kaggle/input/solar-cells-processed/solar_cell_ver4_/train_split/train/gray_0040.jpg,"(512, 512)"
/kaggle/input/solar-cells-processed/solar_cell_ver4_/train_split/train/gray_0106.jpg,"(512, 512)"
/kaggle/input/solar-cells-processed/solar_cell_ver4_/train_split/train/gray_0219.jpg,"(512, 512)"
/kaggle/input/solar-cells-processed/solar_cell_ver4_/train_split/train/gray_0163_mask.png,"(512, 512)"
/kaggle/input/solar-cells-processed/solar_cell_ver4_/train_split/train/gray_0261.jpg,"(512, 512)"
/kaggle/input/solar-cells-processed/solar_cell_ver4_/train_split/train/gray_0149_mask.png,"(512, 512)"
/kaggle/input/solar-cells-processed/solar_cell_ver4_/train_split/train/gray_0161.jpg,"(512, 512)"
/kaggle/input/solar-cells-processed/solar_cell_ver4_/train_split/train/gray_0005.jpg,"(512, 512)"
/kaggle/input/solar-cells-processed/solar_cell_ver4_/train_split/train/gray_0029.jpg,"(512, 512)"
/kaggle/input/solar-cells-processed/solar_cell_ver4_/train_split/train/gray_0100.jpg,"(512, 512)"
/kaggle/input/solar-cells-processed/solar_cell_ver4_/train_split/train/gray_0023_mask.png,"(512, 512)"
/kaggle/input/solar-cells-processed/solar_cell_ver4_/train_split/train/gray_0135.jpg,"(512, 512)"
/kaggle/input/solar-cells-processed/solar_cell_ver4_/train_split/train/gray_0218.jpg,"(512, 512)"
/kaggle/input/solar-cells-processed/solar_cell_ver4_/train_split/train/gray_0123_mask.png,"(512, 512)"
/kaggle/input/solar-cells-processed/solar_cell_ver4_/train_split/train/gray_0069_mask.png,"(512, 512)"
/kaggle/input/solar-cells-processed/solar_cell_ver4_/train_split/train/gray_0182_mask.png,"(512, 512)"
/kaggle/input/solar-cells-processed/solar_cell_ver4_/train_split/train/gray_0211.jpg,"(512, 512)"
/kaggle/input/solar-cells-processed/solar_cell_ver4_/train_split/train/gray_0143.jpg,"(512, 512)"
/kaggle/input/solar-cells-processed/solar_cell_ver4_/train_split/train/rgb_0011_mask.png,"(512, 512)"
/kaggle/input/solar-cells-processed/solar_cell_ver4_/train_split/train/gray_0225.jpg,"(512, 512)"
/kaggle/input/solar-cells-processed/solar_cell_ver4_/train_split/train/gray_0247_mask.png,"(512, 512)"
/kaggle/input/solar-cells-processed/solar_cell_ver4_/train_split/train/gray_0041_mask.png,"(512, 512)"
/kaggle/input/solar-cells-processed/solar_cell_ver4_/train_split/train/gray_0147.jpg,"(512, 512)"
/kaggle/input/solar-cells-processed/solar_cell_ver4_/train_split/train/gray_0007.jpg,"(512, 512)"
/kaggle/input/solar-cells-processed/solar_cell_ver4_/train_split/train/rgb_0040.jpg,"(512, 512)"
/kaggle/input/solar-cells-processed/solar_cell_ver4_/train_split/train/gray_0209_mask.png,"(512, 512)"
/kaggle/input/solar-cells-processed/solar_cell_ver4_/train_split/train/gray_0115.jpg,"(512, 512)"
/kaggle/input/solar-cells-processed/solar_cell_ver4_/train_split/train/gray_0248_mask.png,"(512, 512)"
/kaggle/input/solar-cells-processed/solar_cell_ver4_/train_split/train/gray_0011.jpg,"(512, 512)"
/kaggle/input/solar-cells-processed/solar_cell_ver4_/train_split/train/gray_0240.jpg,"(512, 512)"
/kaggle/input/solar-cells-processed/solar_cell_ver4_/train_split/train/gray_0214_mask.png,"(512, 512)"
/kaggle/input/solar-cells-processed/solar_cell_ver4_/train_split/train/gray_0074.jpg,"(512, 512)"
/kaggle/input/solar-cells-processed/solar_cell_ver4_/train_split/train/gray_0088.jpg,"(512, 512)"
/kaggle/input/solar-cells-processed/solar_cell_ver4_/train_split/train/gray_0241_mask.png,"(512, 512)"
/kaggle/input/solar-cells-processed/solar_cell_ver4_/train_split/train/gray_0161_mask.png,"(512, 512)"
/kaggle/input/solar-cells-processed/solar_cell_ver4_/train_split/train/gray_0272_mask.png,"(512, 512)"
/kaggle/input/solar-cells-processed/solar_cell_ver4_/train_split/train/gray_0132_mask.png,"(512, 512)"
/kaggle/input/solar-cells-processed/solar_cell_ver4_/train_split/train/rgb_0045.jpg,"(512, 512)"
/kaggle/input/solar-cells-processed/solar_cell_ver4_/train_split/train/gray_0099_mask.png,"(512, 512)"
/kaggle/input/solar-cells-processed/solar_cell_ver4_/train_split/train/gray_0162.jpg,"(512, 512)"
/kaggle/input/solar-cells-processed/solar_cell_ver4_/train_split/train/gray_0089_mask.png,"(512, 512)"
/kaggle/input/solar-cells-processed/solar_cell_ver4_/train_split/train/gray_0144.jpg,"(512, 512)"
/kaggle/input/solar-cells-processed/solar_cell_ver4_/train_split/train/rgb_0003.jpg,"(512, 512)"
/kaggle/input/solar-cells-processed/solar_cell_ver4_/train_split/train/rgb_0039.jpg,"(512, 512)"
/kaggle/input/solar-cells-processed/solar_cell_ver4_/train_split/train/gray_0195_mask.png,"(512, 512)"
/kaggle/input/solar-cells-processed/solar_cell_ver4_/train_split/train/rgb_0013.jpg,"(512, 512)"
/kaggle/input/solar-cells-processed/solar_cell_ver4_/train_split/train/gray_0264_mask.png,"(512, 512)"
/kaggle/input/solar-cells-processed/solar_cell_ver4_/train_split/train/gray_0233.jpg,"(512, 512)"
/kaggle/input/solar-cells-processed/solar_cell_ver4_/train_split/train/rgb_0005_mask.png,"(512, 512)"
/kaggle/input/solar-cells-processed/solar_cell_ver4_/train_split/train/gray_0163.jpg,"(512, 512)"
/kaggle/input/solar-cells-processed/solar_cell_ver4_/train_split/train/gray_0243.jpg,"(512, 512)"
/kaggle/input/solar-cells-processed/solar_cell_ver4_/train_split/train/gray_0012.jpg,"(512, 512)"
/kaggle/input/solar-cells-processed/solar_cell_ver4_/train_split/train/gray_0160.jpg,"(512, 512)"
/kaggle/input/solar-cells-processed/solar_cell_ver4_/train_split/train/gray_0025_mask.png,"(512, 512)"
/kaggle/input/solar-cells-processed/solar_cell_ver4_/train_split/train/gray_0239_mask.png,"(512, 512)"
/kaggle/input/solar-cells-processed/solar_cell_ver4_/train_split/train/rgb_0042_mask.png,"(512, 512)"
/kaggle/input/solar-cells-processed/solar_cell_ver4_/train_split/train/gray_0073_mask.png,"(512, 512)"
/kaggle/input/solar-cells-processed/solar_cell_ver4_/train_split/train/gray_0235.jpg,"(512, 512)"
/kaggle/input/solar-cells-processed/solar_cell_ver4_/train_split/train/gray_0271.jpg,"(512, 512)"
/kaggle/input/solar-cells-processed/solar_cell_ver4_/train_split/train/rgb_0011.jpg,"(512, 512)"
/kaggle/input/solar-cells-processed/solar_cell_ver4_/train_split/train/gray_0140.jpg,"(512, 512)"
/kaggle/input/solar-cells-processed/solar_cell_ver4_/train_split/train/rgb_0008.jpg,"(512, 512)"
/kaggle/input/solar-cells-processed/solar_cell_ver4_/train_split/train/gray_0177_mask.png,"(512, 512)"
/kaggle/input/solar-cells-processed/solar_cell_ver4_/train_split/train/gray_0009_mask.png,"(512, 512)"
/kaggle/input/solar-cells-processed/solar_cell_ver4_/train_split/train/gray_0088_mask.png,"(512, 512)"
/kaggle/input/solar-cells-processed/solar_cell_ver4_/train_split/train/gray_0097.jpg,"(512, 512)"
/kaggle/input/solar-cells-processed/solar_cell_ver4_/train_split/train/gray_0189_mask.png,"(512, 512)"
/kaggle/input/solar-cells-processed/solar_cell_ver4_/train_split/train/gray_0155_mask.png,"(512, 512)"
/kaggle/input/solar-cells-processed/solar_cell_ver4_/train_split/train/gray_0070.jpg,"(512, 512)"
/kaggle/input/solar-cells-processed/solar_cell_ver4_/train_split/train/gray_0060.jpg,"(512, 512)"
/kaggle/input/solar-cells-processed/solar_cell_ver4_/train_split/train/gray_0130_mask.png,"(512, 512)"
/kaggle/input/solar-cells-processed/solar_cell_ver4_/train_split/train/gray_0200.jpg,"(512, 512)"
/kaggle/input/solar-cells-processed/solar_cell_ver4_/train_split/train/gray_0137_mask.png,"(512, 512)"
/kaggle/input/solar-cells-processed/solar_cell_ver4_/train_split/train/gray_0014.jpg,"(512, 512)"
/kaggle/input/solar-cells-processed/solar_cell_ver4_/train_split/train/rgb_0006.jpg,"(512, 512)"
/kaggle/input/solar-cells-processed/solar_cell_ver4_/train_split/train/gray_0072.jpg,"(512, 512)"
/kaggle/input/solar-cells-processed/solar_cell_ver4_/train_split/train/gray_0198.jpg,"(512, 512)"
/kaggle/input/solar-cells-processed/solar_cell_ver4_/train_split/train/rgb_0036.jpg,"(512, 512)"
/kaggle/input/solar-cells-processed/solar_cell_ver4_/train_split/train/gray_0027.jpg,"(512, 512)"
/kaggle/input/solar-cells-processed/solar_cell_ver4_/train_split/train/gray_0067.jpg,"(512, 512)"
/kaggle/input/solar-cells-processed/solar_cell_ver4_/train_split/train/gray_0218_mask.png,"(512, 512)"
/kaggle/input/solar-cells-processed/solar_cell_ver4_/train_split/train/gray_0199_mask.png,"(512, 512)"
/kaggle/input/solar-cells-processed/solar_cell_ver4_/train_split/train/gray_0243_mask.png,"(512, 512)"
/kaggle/input/solar-cells-processed/solar_cell_ver4_/train_split/train/gray_0215_mask.png,"(512, 512)"
/kaggle/input/solar-cells-processed/solar_cell_ver4_/train_split/train/gray_0265_mask.png,"(512, 512)"
/kaggle/input/solar-cells-processed/solar_cell_ver4_/train_split/train/gray_0039.jpg,"(512, 512)"
/kaggle/input/solar-cells-processed/solar_cell_ver4_/train_split/train/gray_0233_mask.png,"(512, 512)"
/kaggle/input/solar-cells-processed/solar_cell_ver4_/train_split/train/gray_0007_mask.png,"(512, 512)"
/kaggle/input/solar-cells-processed/solar_cell_ver4_/train_split/train/gray_0090_mask.png,"(512, 512)"
/kaggle/input/solar-cells-processed/solar_cell_ver4_/train_split/train/gray_0002_mask.png,"(512, 512)"
/kaggle/input/solar-cells-processed/solar_cell_ver4_/train_split/train/gray_0104_mask.png,"(512, 512)"
/kaggle/input/solar-cells-processed/solar_cell_ver4_/train_split/train/gray_0011_mask.png,"(512, 512)"
/kaggle/input/solar-cells-processed/solar_cell_ver4_/train_split/train/rgb_0019_mask.png,"(512, 512)"
/kaggle/input/solar-cells-processed/solar_cell_ver4_/train_split/train/gray_0132.jpg,"(512, 512)"
/kaggle/input/solar-cells-processed/solar_cell_ver4_/train_split/train/gray_0012_mask.png,"(512, 512)"
/kaggle/input/solar-cells-processed/solar_cell_ver4_/train_split/train/gray_0085_mask.png,"(512, 512)"
/kaggle/input/solar-cells-processed/solar_cell_ver4_/train_split/train/gray_0251.jpg,"(512, 512)"
/kaggle/input/solar-cells-processed/solar_cell_ver4_/train_split/train/gray_0189.jpg,"(512, 512)"
/kaggle/input/solar-cells-processed/solar_cell_ver4_/train_split/train/gray_0222.jpg,"(512, 512)"
/kaggle/input/solar-cells-processed/solar_cell_ver4_/train_split/train/gray_0157_mask.png,"(512, 512)"
/kaggle/input/solar-cells-processed/solar_cell_ver4_/train_split/train/gray_0202_mask.png,"(512, 512)"
/kaggle/input/solar-cells-processed/solar_cell_ver4_/train_split/train/gray_0022_mask.png,"(512, 512)"
/kaggle/input/solar-cells-processed/solar_cell_ver4_/train_split/train/gray_0021.jpg,"(512, 512)"
/kaggle/input/solar-cells-processed/solar_cell_ver4_/train_split/train/gray_0114_mask.png,"(512, 512)"
/kaggle/input/solar-cells-processed/solar_cell_ver4_/train_split/train/rgb_0037_mask.png,"(512, 512)"
/kaggle/input/solar-cells-processed/solar_cell_ver4_/train_split/train/gray_0097_mask.png,"(512, 512)"
/kaggle/input/solar-cells-processed/solar_cell_ver4_/train_split/train/gray_0192.jpg,"(512, 512)"
/kaggle/input/solar-cells-processed/solar_cell_ver4_/train_split/train/gray_0063_mask.png,"(512, 512)"
/kaggle/input/solar-cells-processed/solar_cell_ver4_/train_split/train/rgb_0025_mask.png,"(512, 512)"
/kaggle/input/solar-cells-processed/solar_cell_ver4_/train_split/train/rgb_0038.jpg,"(512, 512)"
/kaggle/input/solar-cells-processed/solar_cell_ver4_/train_split/train/gray_0155.jpg,"(512, 512)"
/kaggle/input/solar-cells-processed/solar_cell_ver4_/train_split/train/gray_0157.jpg,"(512, 512)"
/kaggle/input/solar-cells-processed/solar_cell_ver4_/train_split/train/gray_0129_mask.png,"(512, 512)"
/kaggle/input/solar-cells-processed/solar_cell_ver4_/train_split/train/rgb_0043_mask.png,"(512, 512)"
/kaggle/input/solar-cells-processed/solar_cell_ver4_/train_split/train/gray_0038_mask.png,"(512, 512)"
/kaggle/input/solar-cells-processed/solar_cell_ver4_/train_split/train/gray_0182.jpg,"(512, 512)"
/kaggle/input/solar-cells-processed/solar_cell_ver4_/train_split/train/gray_0092_mask.png,"(512, 512)"
/kaggle/input/solar-cells-processed/solar_cell_ver4_/train_split/train/rgb_0007.jpg,"(512, 512)"
/kaggle/input/solar-cells-processed/solar_cell_ver4_/train_split/train/gray_0139_mask.png,"(512, 512)"
/kaggle/input/solar-cells-processed/solar_cell_ver4_/train_split/train/gray_0153_mask.png,"(512, 512)"
/kaggle/input/solar-cells-processed/solar_cell_ver4_/train_split/train/gray_0186_mask.png,"(512, 512)"
/kaggle/input/solar-cells-processed/solar_cell_ver4_/train_split/train/gray_0111_mask.png,"(512, 512)"
/kaggle/input/solar-cells-processed/solar_cell_ver4_/train_split/train/gray_0001_mask.png,"(512, 512)"
/kaggle/input/solar-cells-processed/solar_cell_ver4_/train_split/train/gray_0019.jpg,"(512, 512)"
/kaggle/input/solar-cells-processed/solar_cell_ver4_/train_split/train/gray_0124_mask.png,"(512, 512)"
/kaggle/input/solar-cells-processed/solar_cell_ver4_/train_split/train/gray_0225_mask.png,"(512, 512)"
/kaggle/input/solar-cells-processed/solar_cell_ver4_/train_split/train/rgb_0044.jpg,"(512, 512)"
/kaggle/input/solar-cells-processed/solar_cell_ver4_/train_split/train/gray_0111.jpg,"(512, 512)"
/kaggle/input/solar-cells-processed/solar_cell_ver4_/train_split/train/gray_0035.jpg,"(512, 512)"
/kaggle/input/solar-cells-processed/solar_cell_ver4_/train_split/train/gray_0031_mask.png,"(512, 512)"
/kaggle/input/solar-cells-processed/solar_cell_ver4_/train_split/train/rgb_0017_mask.png,"(512, 512)"
/kaggle/input/solar-cells-processed/solar_cell_ver4_/train_split/train/gray_0238_mask.png,"(512, 512)"
/kaggle/input/solar-cells-processed/solar_cell_ver4_/train_split/train/gray_0152.jpg,"(512, 512)"
/kaggle/input/solar-cells-processed/solar_cell_ver4_/train_split/train/gray_0153.jpg,"(512, 512)"
/kaggle/input/solar-cells-processed/solar_cell_ver4_/train_split/train/gray_0112_mask.png,"(512, 512)"
/kaggle/input/solar-cells-processed/solar_cell_ver4_/train_split/train/gray_0191_mask.png,"(512, 512)"
/kaggle/input/solar-cells-processed/solar_cell_ver4_/train_split/train/gray_0196_mask.png,"(512, 512)"
/kaggle/input/solar-cells-processed/solar_cell_ver4_/train_split/train/gray_0260.jpg,"(512, 512)"
/kaggle/input/solar-cells-processed/solar_cell_ver4_/train_split/train/gray_0060_mask.png,"(512, 512)"
/kaggle/input/solar-cells-processed/solar_cell_ver4_/train_split/train/rgb_0014.jpg,"(512, 512)"
/kaggle/input/solar-cells-processed/solar_cell_ver4_/train_split/train/rgb_0048.jpg,"(512, 512)"
/kaggle/input/solar-cells-processed/solar_cell_ver4_/train_split/train/gray_0032_mask.png,"(512, 512)"
/kaggle/input/solar-cells-processed/solar_cell_ver4_/train_split/train/gray_0052_mask.png,"(512, 512)"
/kaggle/input/solar-cells-processed/solar_cell_ver4_/train_split/train/rgb_0007_mask.png,"(512, 512)"
/kaggle/input/solar-cells-processed/solar_cell_ver4_/train_split/train/gray_0015.jpg,"(512, 512)"
/kaggle/input/solar-cells-processed/solar_cell_ver4_/train_split/train/gray_0116_mask.png,"(512, 512)"
/kaggle/input/solar-cells-processed/solar_cell_ver4_/train_split/train/gray_0119_mask.png,"(512, 512)"
/kaggle/input/solar-cells-processed/solar_cell_ver4_/train_split/train/gray_0019_mask.png,"(512, 512)"
/kaggle/input/solar-cells-processed/solar_cell_ver4_/train_split/train/gray_0269_mask.png,"(512, 512)"
/kaggle/input/solar-cells-processed/solar_cell_ver4_/train_split/train/rgb_0049.jpg,"(512, 512)"
/kaggle/input/solar-cells-processed/solar_cell_ver4_/train_split/train/rgb_0049_mask.png,"(512, 512)"
/kaggle/input/solar-cells-processed/solar_cell_ver4_/train_split/train/gray_0175_mask.png,"(512, 512)"
/kaggle/input/solar-cells-processed/solar_cell_ver4_/train_split/train/gray_0217.jpg,"(512, 512)"
/kaggle/input/solar-cells-processed/solar_cell_ver4_/train_split/train/gray_0081_mask.png,"(512, 512)"
/kaggle/input/solar-cells-processed/solar_cell_ver4_/train_split/train/gray_0160_mask.png,"(512, 512)"
/kaggle/input/solar-cells-processed/solar_cell_ver4_/train_split/train/gray_0193.jpg,"(512, 512)"
/kaggle/input/solar-cells-processed/solar_cell_ver4_/train_split/train/gray_0093.jpg,"(512, 512)"
/kaggle/input/solar-cells-processed/solar_cell_ver4_/train_split/train/rgb_0004.jpg,"(512, 512)"
/kaggle/input/solar-cells-processed/solar_cell_ver4_/train_split/train/rgb_0001.jpg,"(512, 512)"
/kaggle/input/solar-cells-processed/solar_cell_ver4_/train_split/train/gray_0123.jpg,"(512, 512)"
/kaggle/input/solar-cells-processed/solar_cell_ver4_/train_split/train/rgb_0050.jpg,"(512, 512)"
/kaggle/input/solar-cells-processed/solar_cell_ver4_/train_split/train/gray_0108_mask.png,"(512, 512)"
/kaggle/input/solar-cells-processed/solar_cell_ver4_/train_split/train/gray_0172_mask.png,"(512, 512)"
/kaggle/input/solar-cells-processed/solar_cell_ver4_/train_split/train/gray_0203.jpg,"(512, 512)"
/kaggle/input/solar-cells-processed/solar_cell_ver4_/train_split/train/rgb_0051_mask.png,"(512, 512)"
/kaggle/input/solar-cells-processed/solar_cell_ver4_/train_split/train/rgb_0015.jpg,"(512, 512)"
/kaggle/input/solar-cells-processed/solar_cell_ver4_/train_split/train/gray_0114.jpg,"(512, 512)"
/kaggle/input/solar-cells-processed/solar_cell_ver4_/train_split/train/gray_0236.jpg,"(512, 512)"
/kaggle/input/solar-cells-processed/solar_cell_ver4_/train_split/train/gray_0081.jpg,"(512, 512)"
/kaggle/input/solar-cells-processed/solar_cell_ver4_/train_split/train/gray_0222_mask.png,"(512, 512)"
/kaggle/input/solar-cells-processed/solar_cell_ver4_/train_split/train/rgb_0039_mask.png,"(512, 512)"
/kaggle/input/solar-cells-processed/solar_cell_ver4_/train_split/train/gray_0168.jpg,"(512, 512)"
/kaggle/input/solar-cells-processed/solar_cell_ver4_/train_split/train/gray_0263.jpg,"(512, 512)"
/kaggle/input/solar-cells-processed/solar_cell_ver4_/train_split/train/gray_0062.jpg,"(512, 512)"
/kaggle/input/solar-cells-processed/solar_cell_ver4_/train_split/train/gray_0040_mask.png,"(512, 512)"
/kaggle/input/solar-cells-processed/solar_cell_ver4_/train_split/train/gray_0068_mask.png,"(512, 512)"
/kaggle/input/solar-cells-processed/solar_cell_ver4_/train_split/train/rgb_0044_mask.png,"(512, 512)"
/kaggle/input/solar-cells-processed/solar_cell_ver4_/train_split/train/gray_0223_mask.png,"(512, 512)"
/kaggle/input/solar-cells-processed/solar_cell_ver4_/train_split/train/gray_0212_mask.png,"(512, 512)"
/kaggle/input/solar-cells-processed/solar_cell_ver4_/train_split/train/gray_0140_mask.png,"(512, 512)"
/kaggle/input/solar-cells-processed/solar_cell_ver4_/train_split/train/gray_0018_mask.png,"(512, 512)"
/kaggle/input/solar-cells-processed/solar_cell_ver4_/train_split/train/gray_0205_mask.png,"(512, 512)"
/kaggle/input/solar-cells-processed/solar_cell_ver4_/train_split/train/gray_0020_mask.png,"(512, 512)"
/kaggle/input/solar-cells-processed/solar_cell_ver4_/train_split/train/gray_0234_mask.png,"(512, 512)"
/kaggle/input/solar-cells-processed/solar_cell_ver4_/train_split/train/gray_0268.jpg,"(512, 512)"
/kaggle/input/solar-cells-processed/solar_cell_ver4_/train_split/train/rgb_0021_mask.png,"(512, 512)"
/kaggle/input/solar-cells-processed/solar_cell_ver4_/train_split/train/gray_0154.jpg,"(512, 512)"
/kaggle/input/solar-cells-processed/solar_cell_ver4_/train_split/train/gray_0063.jpg,"(512, 512)"
/kaggle/input/solar-cells-processed/solar_cell_ver4_/train_split/train/rgb_0036_mask.png,"(512, 512)"
/kaggle/input/solar-cells-processed/solar_cell_ver4_/train_split/train/gray_0066_mask.png,"(512, 512)"
/kaggle/input/solar-cells-processed/solar_cell_ver4_/train_split/train/gray_0242.jpg,"(512, 512)"
/kaggle/input/solar-cells-processed/solar_cell_ver4_/train_split/train/rgb_0046.jpg,"(512, 512)"
/kaggle/input/solar-cells-processed/solar_cell_ver4_/train_split/train/rgb_0035.jpg,"(512, 512)"
/kaggle/input/solar-cells-processed/solar_cell_ver4_/train_split/train/gray_0226.jpg,"(512, 512)"
/kaggle/input/solar-cells-processed/solar_cell_ver4_/train_split/train/gray_0154_mask.png,"(512, 512)"
/kaggle/input/solar-cells-processed/solar_cell_ver4_/train_split/train/gray_0029_mask.png,"(512, 512)"
/kaggle/input/solar-cells-processed/solar_cell_ver4_/train_split/train/rgb_0051.jpg,"(512, 512)"
/kaggle/input/solar-cells-processed/solar_cell_ver4_/train_split/train/gray_0071_mask.png,"(512, 512)"
/kaggle/input/solar-cells-processed/solar_cell_ver4_/train_split/train/gray_0230_mask.png,"(512, 512)"
/kaggle/input/solar-cells-processed/solar_cell_ver4_/train_split/train/gray_0270.jpg,"(512, 512)"
/kaggle/input/solar-cells-processed/solar_cell_ver4_/train_split/train/gray_0271_mask.png,"(512, 512)"
/kaggle/input/solar-cells-processed/solar_cell_ver4_/train_split/train/gray_0191.jpg,"(512, 512)"
/kaggle/input/solar-cells-processed/solar_cell_ver4_/train_split/train/gray_0221.jpg,"(512, 512)"
/kaggle/input/solar-cells-processed/solar_cell_ver4_/train_split/train/gray_0119.jpg,"(512, 512)"
/kaggle/input/solar-cells-processed/solar_cell_ver4_/train_split/train/gray_0215.jpg,"(512, 512)"
/kaggle/input/solar-cells-processed/solar_cell_ver4_/train_split/train/gray_0045.jpg,"(512, 512)"
/kaggle/input/solar-cells-processed/solar_cell_ver4_/train_split/train/rgb_0002_mask.png,"(512, 512)"
/kaggle/input/solar-cells-processed/solar_cell_ver4_/train_split/train/gray_0104.jpg,"(512, 512)"
/kaggle/input/solar-cells-processed/solar_cell_ver4_/train_split/train/gray_0089.jpg,"(512, 512)"
/kaggle/input/solar-cells-processed/solar_cell_ver4_/train_split/train/gray_0052.jpg,"(512, 512)"
/kaggle/input/solar-cells-processed/solar_cell_ver4_/train_split/train/rgb_0008_mask.png,"(512, 512)"
/kaggle/input/solar-cells-processed/solar_cell_ver4_/train_split/train/gray_0113_mask.png,"(512, 512)"
/kaggle/input/solar-cells-processed/solar_cell_ver4_/train_split/train/gray_0027_mask.png,"(512, 512)"
/kaggle/input/solar-cells-processed/solar_cell_ver4_/train_split/train/gray_0249_mask.png,"(512, 512)"
/kaggle/input/solar-cells-processed/solar_cell_ver4_/train_split/train/gray_0143_mask.png,"(512, 512)"
/kaggle/input/solar-cells-processed/solar_cell_ver4_/train_split/train/gray_0136_mask.png,"(512, 512)"
/kaggle/input/solar-cells-processed/solar_cell_ver4_/train_split/train/gray_0108.jpg,"(512, 512)"
/kaggle/input/solar-cells-processed/solar_cell_ver4_/train_split/train/gray_0014_mask.png,"(512, 512)"
/kaggle/input/solar-cells-processed/solar_cell_ver4_/train_split/train/gray_0021_mask.png,"(512, 512)"
/kaggle/input/solar-cells-processed/solar_cell_ver4_/train_split/train/gray_0121_mask.png,"(512, 512)"
/kaggle/input/solar-cells-processed/solar_cell_ver4_/train_split/train/gray_0086_mask.png,"(512, 512)"
/kaggle/input/solar-cells-processed/solar_cell_ver4_/train_split/train/rgb_0037.jpg,"(512, 512)"
/kaggle/input/solar-cells-processed/solar_cell_ver4_/train_split/train/gray_0098.jpg,"(512, 512)"
/kaggle/input/solar-cells-processed/solar_cell_ver4_/train_split/train/rgb_0013_mask.png,"(512, 512)"
/kaggle/input/solar-cells-processed/solar_cell_ver4_/train_split/train/gray_0257.jpg,"(512, 512)"
/kaggle/input/solar-cells-processed/solar_cell_ver4_/train_split/train/gray_0186.jpg,"(512, 512)"
/kaggle/input/solar-cells-processed/solar_cell_ver4_/train_split/train/gray_0168_mask.png,"(512, 512)"
/kaggle/input/solar-cells-processed/solar_cell_ver4_/train_split/train/rgb_0050_mask.png,"(512, 512)"
/kaggle/input/solar-cells-processed/solar_cell_ver4_/train_split/train/gray_0015_mask.png,"(512, 512)"
/kaggle/input/solar-cells-processed/solar_cell_ver4_/train_split/train/rgb_0004_mask.png,"(512, 512)"
/kaggle/input/solar-cells-processed/solar_cell_ver4_/train_split/train/gray_0211_mask.png,"(512, 512)"
/kaggle/input/solar-cells-processed/solar_cell_ver4_/train_split/train/gray_0075_mask.png,"(512, 512)"
/kaggle/input/solar-cells-processed/solar_cell_ver4_/train_split/train/rgb_0018.jpg,"(512, 512)"
/kaggle/input/solar-cells-processed/solar_cell_ver4_/train_split/train/gray_0199.jpg,"(512, 512)"
/kaggle/input/solar-cells-processed/solar_cell_ver4_/train_split/train/gray_0103_mask.png,"(512, 512)"
/kaggle/input/solar-cells-processed/solar_cell_ver4_/train_split/train/gray_0005_mask.png,"(512, 512)"
/kaggle/input/solar-cells-processed/solar_cell_ver4_/train_split/train/gray_0028_mask.png,"(512, 512)"
/kaggle/input/solar-cells-processed/solar_cell_ver4_/train_split/train/gray_0228.jpg,"(512, 512)"
/kaggle/input/solar-cells-processed/solar_cell_ver4_/train_split/train/gray_0245_mask.png,"(512, 512)"
/kaggle/input/solar-cells-processed/solar_cell_ver4_/train_split/train/rgb_0038_mask.png,"(512, 512)"
/kaggle/input/solar-cells-processed/solar_cell_ver4_/train_split/train/rgb_0026_mask.png,"(512, 512)"
/kaggle/input/solar-cells-processed/solar_cell_ver4_/train_split/train/gray_0075.jpg,"(512, 512)"
/kaggle/input/solar-cells-processed/solar_cell_ver4_/train_split/train/rgb_0002.jpg,"(512, 512)"
/kaggle/input/solar-cells-processed/solar_cell_ver4_/train_split/train/gray_0030_mask.png,"(512, 512)"
/kaggle/input/solar-cells-processed/solar_cell_ver4_/train_split/train/gray_0252_mask.png,"(512, 512)"
/kaggle/input/solar-cells-processed/solar_cell_ver4_/train_split/train/rgb_0003_mask.png,"(512, 512)"
/kaggle/input/solar-cells-processed/solar_cell_ver4_/train_split/train/gray_0262_mask.png,"(512, 512)"
/kaggle/input/solar-cells-processed/solar_cell_ver4_/train_split/train/gray_0101_mask.png,"(512, 512)"
/kaggle/input/solar-cells-processed/solar_cell_ver4_/train_split/train/gray_0059_mask.png,"(512, 512)"
/kaggle/input/solar-cells-processed/solar_cell_ver4_/train_split/train/gray_0065.jpg,"(512, 512)"
/kaggle/input/solar-cells-processed/solar_cell_ver4_/train_split/train/gray_0265.jpg,"(512, 512)"
/kaggle/input/solar-cells-processed/solar_cell_ver4_/train_split/train/rgb_0001_mask.png,"(512, 512)"
/kaggle/input/solar-cells-processed/solar_cell_ver4_/train_split/train/gray_0204.jpg,"(512, 512)"
/kaggle/input/solar-cells-processed/solar_cell_ver4_/train_split/train/gray_0164.jpg,"(512, 512)"
/kaggle/input/solar-cells-processed/solar_cell_ver4_/train_split/train/gray_0042_mask.png,"(512, 512)"
/kaggle/input/solar-cells-processed/solar_cell_ver4_/train_split/train/gray_0270_mask.png,"(512, 512)"
/kaggle/input/solar-cells-processed/solar_cell_ver4_/train_split/train/gray_0082_mask.png,"(512, 512)"
/kaggle/input/solar-cells-processed/solar_cell_ver4_/train_split/train/gray_0156_mask.png,"(512, 512)"
/kaggle/input/solar-cells-processed/solar_cell_ver4_/train_split/train/gray_0139.jpg,"(512, 512)"
/kaggle/input/solar-cells-processed/solar_cell_ver4_/train_split/train/rgb_0045_mask.png,"(512, 512)"
/kaggle/input/solar-cells-processed/solar_cell_ver4_/train_split/train/gray_0070_mask.png,"(512, 512)"
/kaggle/input/solar-cells-processed/solar_cell_ver4_/train_split/train/gray_0129.jpg,"(512, 512)"
/kaggle/input/solar-cells-processed/solar_cell_ver4_/train_split/train/gray_0177.jpg,"(512, 512)"
/kaggle/input/solar-cells-processed/solar_cell_ver4_/train_split/train/gray_0209.jpg,"(512, 512)"
/kaggle/input/solar-cells-processed/solar_cell_ver4_/train_split/train/gray_0258_mask.png,"(512, 512)"
/kaggle/input/solar-cells-processed/solar_cell_ver4_/train_split/train/gray_0229_mask.png,"(512, 512)"
/kaggle/input/solar-cells-processed/solar_cell_ver4_/train_split/train/gray_0142.jpg,"(512, 512)"
/kaggle/input/solar-cells-processed/solar_cell_ver4_/train_split/train/gray_0121.jpg,"(512, 512)"
/kaggle/input/solar-cells-processed/solar_cell_ver4_/train_split/train/gray_0202.jpg,"(512, 512)"
/kaggle/input/solar-cells-processed/solar_cell_ver4_/train_split/train/gray_0115_mask.png,"(512, 512)"
/kaggle/input/solar-cells-processed/solar_cell_ver4_/train_split/train/gray_0185.jpg,"(512, 512)"
/kaggle/input/solar-cells-processed/solar_cell_ver4_/train_split/train/gray_0045_mask.png,"(512, 512)"
/kaggle/input/solar-cells-processed/solar_cell_ver4_/train_split/train/gray_0009.jpg,"(512, 512)"
/kaggle/input/solar-cells-processed/solar_cell_ver4_/train_split/train/gray_0198_mask.png,"(512, 512)"
/kaggle/input/solar-cells-processed/solar_cell_ver4_/train_split/train/gray_0122_mask.png,"(512, 512)"
/kaggle/input/solar-cells-processed/solar_cell_ver4_/train_split/train/gray_0057_mask.png,"(512, 512)"
/kaggle/input/solar-cells-processed/solar_cell_ver4_/train_split/train/gray_0134.jpg,"(512, 512)"
/kaggle/input/solar-cells-processed/solar_cell_ver4_/train_split/train/gray_0118_mask.png,"(512, 512)"
/kaggle/input/solar-cells-processed/solar_cell_ver4_/train_split/train/rgb_0027.jpg,"(512, 512)"
/kaggle/input/solar-cells-processed/solar_cell_ver4_/train_split/train/gray_0253.jpg,"(512, 512)"
